"Ukazatel","IndicatorType","Roky","CasR2A","Území","Uz0","Hodnota"
"Úhrnná plodnost","5405W","2023","2023","Česko","CZ","1.452571879"
"Úhrnná plodnost","5405W","2022","2022","Česko","CZ","1.617746603"
"Úhrnná plodnost","5405W","2021","2021","Česko","CZ","1.826535974"
"Úhrnná plodnost","5405W","2020","2020","Česko","CZ","1.707372719"
"Úhrnná plodnost","5405W","2019","2019","Česko","CZ","1.708963053"
"Úhrnná plodnost","5405W","2018","2018","Česko","CZ","1.708412422"
"Úhrnná plodnost","5405W","2017","2017","Česko","CZ","1.686674769"
"Úhrnná plodnost","5405W","2016","2016","Česko","CZ","1.629999335"
"Úhrnná plodnost","5405W","2015","2015","Česko","CZ","1.570023378"
"Úhrnná plodnost","5405W","2014","2014","Česko","CZ","1.527567307"
"Úhrnná plodnost","5405W","2013","2013","Česko","CZ","1.456018401"
"Úhrnná plodnost","5405W","2012","2012","Česko","CZ","1.452046855"
"Úhrnná plodnost","5405W","2011","2011","Česko","CZ","1.426534852"
"Úhrnná plodnost","5405W","2010","2010","Česko","CZ","1.49318365"
"Úhrnná plodnost","5405W","2009","2009","Česko","CZ","1.492261105"
"Úhrnná plodnost","5405W","2008","2008","Česko","CZ","1.497028298"
"Úhrnná plodnost","5405W","2007","2007","Česko","CZ","1.437943046"
"Úhrnná plodnost","5405W","2006","2006","Česko","CZ","1.327947839"
"Úhrnná plodnost","5405W","2005","2005","Česko","CZ","1.281538461"
"Úhrnná plodnost","5405W","2004","2004","Česko","CZ","1.226441722"
"Úhrnná plodnost","5405W","2003","2003","Česko","CZ","1.178684722"
"Úhrnná plodnost","5405W","2002","2002","Česko","CZ","1.170676595"
"Úhrnná plodnost","5405W","2001","2001","Česko","CZ","1.145721873"
"Úhrnná plodnost","5405W","2000","2000","Česko","CZ","1.143633471"
"Úhrnná plodnost","5405W","1999","1999","Česko","CZ","1.132838167"
"Úhrnná plodnost","5405W","1998","1998","Česko","CZ","1.1565974269"
"Úhrnná plodnost","5405W","1997","1997","Česko","CZ","1.1726206667"
"Úhrnná plodnost","5405W","1996","1996","Česko","CZ","1.185253952"
"Úhrnná plodnost","5405W","1995","1995","Česko","CZ","1.2777367414"
"Úhrnná plodnost","5405W","1994","1994","Česko","CZ","1.4383068517"
"Úhrnná plodnost","5405W","1993","1993","Česko","CZ","1.6656434022"
"Úhrnná plodnost","5405W","1992","1992","Česko","CZ","1.7147855671"
"Úhrnná plodnost","5405W","1991","1991","Česko","CZ","1.860947179"
"Úhrnná plodnost","5405W","1990","1990","Česko","CZ","1.8932124982"
"Úhrnná plodnost","5405W","1989","1989","Česko","CZ","1.8736475361"
"Úhrnná plodnost","5405W","1988","1988","Česko","CZ","1.940263814"
"Úhrnná plodnost","5405W","1987","1987","Česko","CZ","1.909819216"
"Úhrnná plodnost","5405W","1986","1986","Česko","CZ","1.9358016107"
"Úhrnná plodnost","5405W","1985","1985","Česko","CZ","1.9620373237"
"Úhrnná plodnost","5405W","1984","1984","Česko","CZ","1.9663183845"
"Úhrnná plodnost","5405W","1983","1983","Česko","CZ","1.9629674626"
"Úhrnná plodnost","5405W","1982","1982","Česko","CZ","2.0076063021"
"Úhrnná plodnost","5405W","1981","1981","Česko","CZ","2.0162515914"
"Úhrnná plodnost","5405W","1980","1980","Česko","CZ","2.0964112681"
"Úhrnná plodnost","5405W","1979","1979","Česko","CZ","2.2863633203"
"Úhrnná plodnost","5405W","1978","1978","Česko","CZ","2.3246411217"
"Úhrnná plodnost","5405W","1977","1977","Česko","CZ","2.3196625406"
"Úhrnná plodnost","5405W","1976","1976","Česko","CZ","2.3621097893"
"Úhrnná plodnost","5405W","1975","1975","Česko","CZ","2.4019934115"
"Úhrnná plodnost","5405W","1974","1974","Česko","CZ","2.4316074123"
"Úhrnná plodnost","5405W","1973","1973","Česko","CZ","2.2868089135"
"Úhrnná plodnost","5405W","1972","1972","Česko","CZ","2.0744320856"
"Úhrnná plodnost","5405W","1971","1971","Česko","CZ","1.9784952047"
"Úhrnná plodnost","5405W","1970","1970","Česko","CZ","1.9127147541"
"Úhrnná plodnost","5405W","1969","1969","Česko","CZ","1.8592523109"
"Úhrnná plodnost","5405W","1968","1968","Česko","CZ","1.8275153301"
"Úhrnná plodnost","5405W","1967","1967","Česko","CZ","1.8970936092"
"Úhrnná plodnost","5405W","1966","1966","Česko","CZ","2.0082193525"
"Úhrnná plodnost","5405W","1965","1965","Česko","CZ","2.1785351866"
"Úhrnná plodnost","5405W","1964","1964","Česko","CZ","2.3566602972"
"Úhrnná plodnost","5405W","1963","1963","Česko","CZ","2.332624738"
"Úhrnná plodnost","5405W","1962","1962","Česko","CZ","2.1404483469"
"Úhrnná plodnost","5405W","1961","1961","Česko","CZ","2.1328366865"
"Úhrnná plodnost","5405W","1960","1960","Česko","CZ","2.1135583132"
"Úhrnná plodnost","5405W","1959","1959","Česko","CZ","2.1216795416"
"Úhrnná plodnost","5405W","1958","1958","Česko","CZ","2.3052808628"
"Úhrnná plodnost","5405W","1957","1957","Česko","CZ","2.495135997"
"Úhrnná plodnost","5405W","1956","1956","Česko","CZ","2.5683647185"
"Úhrnná plodnost","5405W","1955","1955","Česko","CZ","2.5778241373"
"Úhrnná plodnost","5405W","1954","1954","Česko","CZ","2.5813773561"
"Úhrnná plodnost","5405W","1953","1953","Česko","CZ","2.6108291322"
"Úhrnná plodnost","5405W","1952","1952","Česko","CZ","2.7015039766"
"Úhrnná plodnost","5405W","1951","1951","Česko","CZ","2.7631617847"
"Úhrnná plodnost","5405W","1950","1950","Česko","CZ","2.8007815193"
"Úhrnná plodnost","5405W","1949","1949","Česko","CZ","2.7282834154"
"Úhrnná plodnost","5405W","1948","1948","Česko","CZ","2.886"
"Úhrnná plodnost","5405W","1947","1947","Česko","CZ","3.05"
"Úhrnná plodnost","5405W","1946","1946","Česko","CZ","3.254"
"Úhrnná plodnost","5405W","1945","1945","Česko","CZ","2.673"
"Úhrnná plodnost","5405W","1944","1944","Česko","CZ","2.7960015477"
"Úhrnná plodnost","5405W","1943","1943","Česko","CZ","2.7849297641"
"Úhrnná plodnost","5405W","1942","1942","Česko","CZ","2.4223601087"
"Úhrnná plodnost","5405W","1941","1941","Česko","CZ","2.2793749139"
"Úhrnná plodnost","5405W","1940","1940","Česko","CZ","2.1951122314"
"Úhrnná plodnost","5405W","1939","1939","Česko","CZ","1.9162229132"
"Úhrnná plodnost","5405W","1938","1938","Česko","CZ","1.8473244809"
"Úhrnná plodnost","5405W","1937","1937","Česko","CZ","1.69"
"Úhrnná plodnost","5405W","1936","1936","Česko","CZ","1.664"
"Úhrnná plodnost","5405W","1935","1935","Česko","CZ","1.678"
"Úhrnná plodnost","5405W","1934","1934","Česko","CZ","1.774"
"Úhrnná plodnost","5405W","1933","1933","Česko","CZ","1.826"
"Úhrnná plodnost","5405W","1932","1932","Česko","CZ","1.966"
"Úhrnná plodnost","5405W","1931","1931","Česko","CZ","2.026"
"Úhrnná plodnost","5405W","1930","1930","Česko","CZ","2.149"
"Úhrnná plodnost","5405W","1929","1929","Česko","CZ","2.124"
"Úhrnná plodnost","5405W","1928","1928","Česko","CZ","2.209"
"Úhrnná plodnost","5405W","1927","1927","Česko","CZ","2.237"
"Úhrnná plodnost","5405W","1926","1926","Česko","CZ","2.392"
"Úhrnná plodnost","5405W","1925","1925","Česko","CZ","2.484"
"Úhrnná plodnost","5405W","1924","1924","Česko","CZ","2.59"
"Úhrnná plodnost","5405W","1923","1923","Česko","CZ","2.768"
"Úhrnná plodnost","5405W","1922","1922","Česko","CZ","2.882"
"Úhrnná plodnost","5405W","1921","1921","Česko","CZ","3.035"
"Úhrnná plodnost","5405W","1920","1920","Česko","CZ","2.964"
"Hrubá míra reprodukce","7184","2023","2023","Česko","CZ","0.705758948"
"Hrubá míra reprodukce","7184","2022","2022","Česko","CZ","0.7870346291"
"Hrubá míra reprodukce","7184","2021","2021","Česko","CZ","0.8927527551"
"Hrubá míra reprodukce","7184","2020","2020","Česko","CZ","0.8350173061"
"Hrubá míra reprodukce","7184","2019","2019","Česko","CZ","0.8323069818"
"Hrubá míra reprodukce","7184","2018","2018","Česko","CZ","0.83533466"
"Hrubá míra reprodukce","7184","2017","2017","Česko","CZ","0.8220361539"
"Hrubá míra reprodukce","7184","2016","2016","Česko","CZ","0.7935857509"
"Hrubá míra reprodukce","7184","2015","2015","Česko","CZ","0.7644962381"
"Hrubá míra reprodukce","7184","2014","2014","Česko","CZ","0.7432302754"
"Hrubá míra reprodukce","7184","2013","2013","Česko","CZ","0.7101892606"
"Hrubá míra reprodukce","7184","2012","2012","Česko","CZ","0.7089997572"
"Hrubá míra reprodukce","7184","2011","2011","Česko","CZ","0.6939413823"
"Hrubá míra reprodukce","7184","2010","2010","Česko","CZ","0.7256487733"
"Hrubá míra reprodukce","7184","2009","2009","Česko","CZ","0.7314480905"
"Hrubá míra reprodukce","7184","2008","2008","Česko","CZ","0.7296678488"
"Hrubá míra reprodukce","7184","2007","2007","Česko","CZ","0.7043772641"
"Hrubá míra reprodukce","7184","2006","2006","Česko","CZ","0.6429612407"
"Hrubá míra reprodukce","7184","2005","2005","Česko","CZ","0.6237233597"
"Hrubá míra reprodukce","7184","2004","2004","Česko","CZ","0.5954943707"
"Hrubá míra reprodukce","7184","2003","2003","Česko","CZ","0.5735390233"
"Hrubá míra reprodukce","7184","2002","2002","Česko","CZ","0.5685394692"
"Hrubá míra reprodukce","7184","2001","2001","Česko","CZ","0.5572442756"
"Hrubá míra reprodukce","7184","2000","2000","Česko","CZ","0.5514818949"
"Hrubá míra reprodukce","7184","1999","1999","Česko","CZ","0.5523457429"
"Hrubá míra reprodukce","7184","1998","1998","Česko","CZ","0.5616281606"
"Hrubá míra reprodukce","7184","1997","1997","Česko","CZ","0.5700111981"
"Hrubá míra reprodukce","7184","1996","1996","Česko","CZ","0.5768336523"
"Hrubá míra reprodukce","7184","1995","1995","Česko","CZ","0.6206374311"
"Hrubá míra reprodukce","7184","1994","1994","Česko","CZ","0.700033395"
"Hrubá míra reprodukce","7184","1993","1993","Česko","CZ","0.8112262595"
"Hrubá míra reprodukce","7184","1992","1992","Česko","CZ","0.831708457"
"Hrubá míra reprodukce","7184","1991","1991","Česko","CZ","0.9020756535"
"Hrubá míra reprodukce","7184","1990","1990","Česko","CZ","0.9222756334"
"Hrubá míra reprodukce","7184","1989","1989","Česko","CZ","0.9152147362"
"Hrubá míra reprodukce","7184","1988","1988","Česko","CZ","0.948208596"
"Hrubá míra reprodukce","7184","1987","1987","Česko","CZ","0.9276501152"
"Hrubá míra reprodukce","7184","1986","1986","Česko","CZ","0.9408772903"
"Hrubá míra reprodukce","7184","1985","1985","Česko","CZ","0.951"
"Hrubá míra reprodukce","7184","1984","1984","Česko","CZ","0.958"
"Hrubá míra reprodukce","7184","1983","1983","Česko","CZ","0.955"
"Hrubá míra reprodukce","7184","1982","1982","Česko","CZ","0.976"
"Hrubá míra reprodukce","7184","1981","1981","Česko","CZ","0.972"
"Hrubá míra reprodukce","7184","1980","1980","Česko","CZ","1.002"
"Hrubá míra reprodukce","7184","1979","1979","Česko","CZ","1.106"
"Hrubá míra reprodukce","7184","1978","1978","Česko","CZ","1.132"
"Hrubá míra reprodukce","7184","1977","1977","Česko","CZ","1.139"
"Hrubá míra reprodukce","7184","1976","1976","Česko","CZ","1.164"
"Hrubá míra reprodukce","7184","1975","1975","Česko","CZ","1.188"
"Hrubá míra reprodukce","7184","1974","1974","Česko","CZ","1.197"
"Hrubá míra reprodukce","7184","1973","1973","Česko","CZ","1.118"
"Hrubá míra reprodukce","7184","1972","1972","Česko","CZ","1.018"
"Hrubá míra reprodukce","7184","1971","1971","Česko","CZ","0.971"
"Hrubá míra reprodukce","7184","1970","1970","Česko","CZ","0.941"
"Hrubá míra reprodukce","7184","1969","1969","Česko","CZ","0.908"
"Hrubá míra reprodukce","7184","1968","1968","Česko","CZ","0.895"
"Hrubá míra reprodukce","7184","1967","1967","Česko","CZ","0.926"
"Hrubá míra reprodukce","7184","1966","1966","Česko","CZ","0.982"
"Hrubá míra reprodukce","7184","1965","1965","Česko","CZ","1.056"
"Hrubá míra reprodukce","7184","1964","1964","Česko","CZ","1.133"
"Hrubá míra reprodukce","7184","1963","1963","Česko","CZ","1.125"
"Hrubá míra reprodukce","7184","1962","1962","Česko","CZ","1.032"
"Hrubá míra reprodukce","7184","1961","1961","Česko","CZ","1.027"
"Hrubá míra reprodukce","7184","1960","1960","Česko","CZ","1.012"
"Hrubá míra reprodukce","7184","1959","1959","Česko","CZ","1.014"
"Hrubá míra reprodukce","7184","1958","1958","Česko","CZ","1.109"
"Hrubá míra reprodukce","7184","1957","1957","Česko","CZ","1.199"
"Hrubá míra reprodukce","7184","1956","1956","Česko","CZ","1.247"
"Hrubá míra reprodukce","7184","1955","1955","Česko","CZ","1.248"
"Hrubá míra reprodukce","7184","1954","1954","Česko","CZ","1.253"
"Hrubá míra reprodukce","7184","1953","1953","Česko","CZ","1.268"
"Hrubá míra reprodukce","7184","1952","1952","Česko","CZ","1.314"
"Hrubá míra reprodukce","7184","1951","1951","Česko","CZ","1.35"
"Hrubá míra reprodukce","7184","1950","1950","Česko","CZ","1.365"
"Hrubá míra reprodukce","7184","1949","1949","Česko","CZ","1.328"
"Hrubá míra reprodukce","7184","1948","1948","Česko","CZ","1.392"
"Hrubá míra reprodukce","7184","1947","1947","Česko","CZ","1.476"
"Hrubá míra reprodukce","7184","1946","1946","Česko","CZ","1.574"
"Hrubá míra reprodukce","7184","1945","1945","Česko","CZ","1.295"
"Hrubá míra reprodukce","7184","1944","1944","Česko","CZ","1.3490648897"
"Hrubá míra reprodukce","7184","1943","1943","Česko","CZ","1.338665061"
"Hrubá míra reprodukce","7184","1942","1942","Česko","CZ","1.1665984174"
"Hrubá míra reprodukce","7184","1941","1941","Česko","CZ","1.0967710427"
"Hrubá míra reprodukce","7184","1940","1940","Česko","CZ","1.0561144002"
"Hrubá míra reprodukce","7184","1939","1939","Česko","CZ","0.9288093779"
"Hrubá míra reprodukce","7184","1938","1938","Česko","CZ","0.8957575637"
"Hrubá míra reprodukce","7184","1937","1937","Česko","CZ","0.819"
"Hrubá míra reprodukce","7184","1936","1936","Česko","CZ","0.807"
"Hrubá míra reprodukce","7184","1935","1935","Česko","CZ","0.817"
"Hrubá míra reprodukce","7184","1934","1934","Česko","CZ","0.862"
"Hrubá míra reprodukce","7184","1933","1933","Česko","CZ","0.887"
"Hrubá míra reprodukce","7184","1932","1932","Česko","CZ","0.955"
"Hrubá míra reprodukce","7184","1931","1931","Česko","CZ","0.98"
"Hrubá míra reprodukce","7184","1930","1930","Česko","CZ","1.049"
"Hrubá míra reprodukce","7184","1929","1929","Česko","CZ","1.028"
"Hrubá míra reprodukce","7184","1928","1928","Česko","CZ","1.076"
"Hrubá míra reprodukce","7184","1927","1927","Česko","CZ","1.09"
"Hrubá míra reprodukce","7184","1926","1926","Česko","CZ","1.16"
"Hrubá míra reprodukce","7184","1925","1925","Česko","CZ","1.206"
"Hrubá míra reprodukce","7184","1924","1924","Česko","CZ","1.259"
"Hrubá míra reprodukce","7184","1923","1923","Česko","CZ","1.34"
"Hrubá míra reprodukce","7184","1922","1922","Česko","CZ","1.391"
"Hrubá míra reprodukce","7184","1921","1921","Česko","CZ","1.467"
"Hrubá míra reprodukce","7184","1920","1920","Česko","CZ","1.432"
"Čistá míra reprodukce","7185","2023","2023","Česko","CZ","0.700636213"
"Čistá míra reprodukce","7185","2022","2022","Česko","CZ","0.780965358"
"Čistá míra reprodukce","7185","2021","2021","Česko","CZ","0.8862207793"
"Čistá míra reprodukce","7185","2020","2020","Česko","CZ","0.829501663"
"Čistá míra reprodukce","7185","2019","2019","Česko","CZ","0.8258920518"
"Čistá míra reprodukce","7185","2018","2018","Česko","CZ","0.8291016889"
"Čistá míra reprodukce","7185","2017","2017","Česko","CZ","0.8163111077"
"Čistá míra reprodukce","7185","2016","2016","Česko","CZ","0.7874233715"
"Čistá míra reprodukce","7185","2015","2015","Česko","CZ","0.7590696779"
"Čistá míra reprodukce","7185","2014","2014","Česko","CZ","0.7381172465"
"Čistá míra reprodukce","7185","2013","2013","Česko","CZ","0.705232241"
"Čistá míra reprodukce","7185","2012","2012","Česko","CZ","0.7036617102"
"Čistá míra reprodukce","7185","2011","2011","Česko","CZ","0.6885327738"
"Čistá míra reprodukce","7185","2010","2010","Česko","CZ","0.7198830514"
"Čistá míra reprodukce","7185","2009","2009","Česko","CZ","0.7253171794"
"Čistá míra reprodukce","7185","2008","2008","Česko","CZ","0.7239572663"
"Čistá míra reprodukce","7185","2007","2007","Česko","CZ","0.6988730566"
"Čistá míra reprodukce","7185","2006","2006","Česko","CZ","0.6379548814"
"Čistá míra reprodukce","7185","2005","2005","Česko","CZ","0.6180900332"
"Čistá míra reprodukce","7185","2004","2004","Česko","CZ","0.5901093154"
"Čistá míra reprodukce","7185","2003","2003","Česko","CZ","0.5681485526"
"Čistá míra reprodukce","7185","2002","2002","Česko","CZ","0.5627453725"
"Čistá míra reprodukce","7185","2001","2001","Česko","CZ","0.5518278417"
"Čistá míra reprodukce","7185","2000","2000","Česko","CZ","0.5458635817"
"Čistá míra reprodukce","7185","1999","1999","Česko","CZ","0.546562874"
"Čistá míra reprodukce","7185","1998","1998","Česko","CZ","0.555509224"
"Čistá míra reprodukce","7185","1997","1997","Česko","CZ","0.5630942103"
"Čistá míra reprodukce","7185","1996","1996","Česko","CZ","0.5698169646"
"Čistá míra reprodukce","7185","1995","1995","Česko","CZ","0.6121122201"
"Čistá míra reprodukce","7185","1994","1994","Česko","CZ","0.690234355"
"Čistá míra reprodukce","7185","1993","1993","Česko","CZ","0.7998204802"
"Čistá míra reprodukce","7185","1992","1992","Česko","CZ","0.818702227"
"Čistá míra reprodukce","7185","1991","1991","Česko","CZ","0.8873781275"
"Čistá míra reprodukce","7185","1990","1990","Česko","CZ","0.9072350312"
"Čistá míra reprodukce","7185","1989","1989","Česko","CZ","0.9019773286"
"Čistá míra reprodukce","7185","1988","1988","Česko","CZ","0.9321495821"
"Čistá míra reprodukce","7185","1987","1987","Česko","CZ","0.9119013963"
"Čistá míra reprodukce","7185","1986","1986","Česko","CZ","0.9244690248"
"Čistá míra reprodukce","7185","1985","1985","Česko","CZ","0.932"
"Čistá míra reprodukce","7185","1984","1984","Česko","CZ","0.94"
"Čistá míra reprodukce","7185","1983","1983","Česko","CZ","0.936"
"Čistá míra reprodukce","7185","1982","1982","Česko","CZ","0.956"
"Čistá míra reprodukce","7185","1981","1981","Česko","CZ","0.951"
"Čistá míra reprodukce","7185","1980","1980","Česko","CZ","0.98"
"Čistá míra reprodukce","7185","1979","1979","Česko","CZ","1.082"
"Čistá míra reprodukce","7185","1978","1978","Česko","CZ","1.106"
"Čistá míra reprodukce","7185","1977","1977","Česko","CZ","1.112"
"Čistá míra reprodukce","7185","1976","1976","Česko","CZ","1.136"
"Čistá míra reprodukce","7185","1975","1975","Česko","CZ","1.158"
"Čistá míra reprodukce","7185","1974","1974","Česko","CZ","1.165"
"Čistá míra reprodukce","7185","1973","1973","Česko","CZ","1.088"
"Čistá míra reprodukce","7185","1972","1972","Česko","CZ","0.989"
"Čistá míra reprodukce","7185","1971","1971","Česko","CZ","0.944"
"Čistá míra reprodukce","7185","1970","1970","Česko","CZ","0.914"
"Čistá míra reprodukce","7185","1969","1969","Česko","CZ","0.88"
"Čistá míra reprodukce","7185","1968","1968","Česko","CZ","0.869"
"Čistá míra reprodukce","7185","1967","1967","Česko","CZ","0.899"
"Čistá míra reprodukce","7185","1966","1966","Česko","CZ","0.953"
"Čistá míra reprodukce","7185","1965","1965","Česko","CZ","1.022"
"Čistá míra reprodukce","7185","1964","1964","Česko","CZ","1.101"
"Čistá míra reprodukce","7185","1963","1963","Česko","CZ","1.092"
"Čistá míra reprodukce","7185","1962","1962","Česko","CZ","1.001"
"Čistá míra reprodukce","7185","1961","1961","Česko","CZ","0.997"
"Čistá míra reprodukce","7185","1960","1960","Česko","CZ","0.982"
"Čistá míra reprodukce","7185","1959","1959","Česko","CZ","0.982"
"Čistá míra reprodukce","7185","1958","1958","Česko","CZ","1.071"
"Čistá míra reprodukce","7185","1957","1957","Česko","CZ","1.153"
"Čistá míra reprodukce","7185","1956","1956","Česko","CZ","1.199"
"Čistá míra reprodukce","7185","1955","1955","Česko","CZ","1.197"
"Čistá míra reprodukce","7185","1954","1954","Česko","CZ","1.197"
"Čistá míra reprodukce","7185","1953","1953","Česko","CZ","1.2"
"Čistá míra reprodukce","7185","1952","1952","Česko","CZ","1.231"
"Čistá míra reprodukce","7185","1951","1951","Česko","CZ","1.232"
"Čistá míra reprodukce","7185","1950","1950","Česko","CZ","1.247"
"Čistá míra reprodukce","7185","1949","1949","Česko","CZ","1.212"
"Čistá míra reprodukce","7185","1948","1948","Česko","CZ","1.27"
"Čistá míra reprodukce","7185","1947","1947","Česko","CZ","1.346"
"Čistá míra reprodukce","7185","1946","1946","Česko","CZ","1.435"
"Čistá míra reprodukce","7185","1945","1945","Česko","CZ","1.18"
"Čistá míra reprodukce","7185","1944","1944","Česko","CZ","1.14037081"
"Čistá míra reprodukce","7185","1943","1943","Česko","CZ","1.1086098801"
"Čistá míra reprodukce","7185","1942","1942","Česko","CZ","0.9715331112"
"Čistá míra reprodukce","7185","1941","1941","Česko","CZ","0.9265241153"
"Čistá míra reprodukce","7185","1940","1940","Česko","CZ","0.8999057316"
"Čistá míra reprodukce","7185","1939","1939","Česko","CZ","0.7826214511"
"Čistá míra reprodukce","7185","1938","1938","Česko","CZ","0.7557872061"
"Čistá míra reprodukce","7185","1937","1937","Česko","CZ","0.666"
"Čistá míra reprodukce","7185","1936","1936","Česko","CZ","0.656"
"Čistá míra reprodukce","7185","1935","1935","Česko","CZ","0.664"
"Čistá míra reprodukce","7185","1934","1934","Česko","CZ","0.701"
"Čistá míra reprodukce","7185","1933","1933","Česko","CZ","0.721"
"Čistá míra reprodukce","7185","1932","1932","Česko","CZ","0.777"
"Čistá míra reprodukce","7185","1931","1931","Česko","CZ","0.796"
"Čistá míra reprodukce","7185","1930","1930","Česko","CZ","0.852"
"Čistá míra reprodukce","7185","1929","1929","Česko","CZ","0.835"
"Čistá míra reprodukce","7185","1928","1928","Česko","CZ","0.872"
"Čistá míra reprodukce","7185","1927","1927","Česko","CZ","0.883"
"Čistá míra reprodukce","7185","1926","1926","Česko","CZ","0.939"
"Čistá míra reprodukce","7185","1925","1925","Česko","CZ","0.976"
"Čistá míra reprodukce","7185","1924","1924","Česko","CZ","1.018"
"Čistá míra reprodukce","7185","1923","1923","Česko","CZ","1.083"
"Čistá míra reprodukce","7185","1922","1922","Česko","CZ","1.124"
"Čistá míra reprodukce","7185","1921","1921","Česko","CZ","1.185"
"Čistá míra reprodukce","7185","1920","1920","Česko","CZ","1.155"
"Průměrný věk matek při narození dítěte","5426W","2023","2023","Česko","CZ","30.42951703"
"Průměrný věk matek při narození dítěte","5426W","2022","2022","Česko","CZ","30.432491855"
"Průměrný věk matek při narození dítěte","5426W","2021","2021","Česko","CZ","30.4234234875"
"Průměrný věk matek při narození dítěte","5426W","2020","2020","Česko","CZ","30.1932449315"
"Průměrný věk matek při narození dítěte","5426W","2019","2019","Česko","CZ","30.1544962688"
"Průměrný věk matek při narození dítěte","5426W","2018","2018","Česko","CZ","30.1101562421"
"Průměrný věk matek při narození dítěte","5426W","2017","2017","Česko","CZ","30.0231637887"
"Průměrný věk matek při narození dítěte","5426W","2016","2016","Česko","CZ","29.9860915647"
"Průměrný věk matek při narození dítěte","5426W","2015","2015","Česko","CZ","29.9923102727"
"Průměrný věk matek při narození dítěte","5426W","2014","2014","Česko","CZ","29.9388546244"
"Průměrný věk matek při narození dítěte","5426W","2013","2013","Česko","CZ","29.8620461861"
"Průměrný věk matek při narození dítěte","5426W","2012","2012","Česko","CZ","29.7608945851"
"Průměrný věk matek při narození dítěte","5426W","2011","2011","Česko","CZ","29.6941955095"
"Průměrný věk matek při narození dítěte","5426W","2010","2010","Česko","CZ","29.5869352383"
"Průměrný věk matek při narození dítěte","5426W","2009","2009","Česko","CZ","29.4275199095"
"Průměrný věk matek při narození dítěte","5426W","2008","2008","Česko","CZ","29.3311881671"
"Průměrný věk matek při narození dítěte","5426W","2007","2007","Česko","CZ","29.1398919126"
"Průměrný věk matek při narození dítěte","5426W","2006","2006","Česko","CZ","28.879555591"
"Průměrný věk matek při narození dítěte","5426W","2005","2005","Česko","CZ","28.6060646505"
"Průměrný věk matek při narození dítěte","5426W","2004","2004","Česko","CZ","28.3325946671"
"Průměrný věk matek při narození dítěte","5426W","2003","2003","Česko","CZ","28.0547379307"
"Průměrný věk matek při narození dítěte","5426W","2002","2002","Česko","CZ","27.8098599527"
"Průměrný věk matek při narození dítěte","5426W","2001","2001","Česko","CZ","27.5492894963"
"Průměrný věk matek při narození dítěte","5426W","2000","2000","Česko","CZ","27.1766367213"
"Průměrný věk matek při narození dítěte","5426W","1999","1999","Česko","CZ","26.8580119949"
"Průměrný věk matek při narození dítěte","5426W","1998","1998","Česko","CZ","26.623397107"
"Průměrný věk matek při narození dítěte","5426W","1997","1997","Česko","CZ","26.3642960744"
"Průměrný věk matek při narození dítěte","5426W","1996","1996","Česko","CZ","26.0857161303"
"Průměrný věk matek při narození dítěte","5426W","1995","1995","Česko","CZ","25.7581842498"
"Průměrný věk matek při narození dítěte","5426W","1994","1994","Česko","CZ","25.3687737127"
"Průměrný věk matek při narození dítěte","5426W","1993","1993","Česko","CZ","25.0387301297"
"Průměrný věk matek při narození dítěte","5426W","1992","1992","Česko","CZ","24.8274373114"
"Průměrný věk matek při narození dítěte","5426W","1991","1991","Česko","CZ","24.7254357149"
"Průměrný věk matek při narození dítěte","5426W","1990","1990","Česko","CZ","24.7636354991"
"Průměrný věk matek při narození dítěte","5426W","1989","1989","Česko","CZ","24.7531671502"
"Průměrný věk matek při narození dítěte","5426W","1988","1988","Česko","CZ","24.7202342933"
"Průměrný věk matek při narození dítěte","5426W","1987","1987","Česko","CZ","24.6706910706"
"Průměrný věk matek při narození dítěte","5426W","1986","1986","Česko","CZ","24.6396266966"
"Průměrný věk matek při narození dítěte","5426W","1985","1985","Česko","CZ","24.5846010292"
"Průměrný věk matek při narození dítěte","5426W","1984","1984","Česko","CZ","24.5537313324"
"Průměrný věk matek při narození dítěte","5426W","1983","1983","Česko","CZ","24.587988832"
"Průměrný věk matek při narození dítěte","5426W","1982","1982","Česko","CZ","24.6405370043"
"Průměrný věk matek při narození dítěte","5426W","1981","1981","Česko","CZ","24.6947173452"
"Průměrný věk matek při narození dítěte","5426W","1980","1980","Česko","CZ","24.672148402"
"Průměrný věk matek při narození dítěte","5426W","1979","1979","Česko","CZ","24.8388824361"
"Průměrný věk matek při narození dítěte","5426W","1978","1978","Česko","CZ","24.9193201464"
"Průměrný věk matek při narození dítěte","5426W","1977","1977","Česko","CZ","24.9804351042"
"Průměrný věk matek při narození dítěte","5426W","1976","1976","Česko","CZ","25.0720280993"
"Průměrný věk matek při narození dítěte","5426W","1975","1975","Česko","CZ","25.1275112185"
"Průměrný věk matek při narození dítěte","5426W","1974","1974","Česko","CZ","25.2380834677"
"Průměrný věk matek při narození dítěte","5426W","1973","1973","Česko","CZ","25.2569624752"
"Průměrný věk matek při narození dítěte","5426W","1972","1972","Česko","CZ","25.1356682249"
"Průměrný věk matek při narození dítěte","5426W","1971","1971","Česko","CZ","25.1166931086"
"Průměrný věk matek při narození dítěte","5426W","1970","1970","Česko","CZ","24.9701857361"
"Průměrný věk matek při narození dítěte","5426W","1969","1969","Česko","CZ","25.0191321321"
"Průměrný věk matek při narození dítěte","5426W","1968","1968","Česko","CZ","25.0670781814"
"Průměrný věk matek při narození dítěte","5426W","1967","1967","Česko","CZ","25.1563777676"
"Průměrný věk matek při narození dítěte","5426W","1966","1966","Česko","CZ","25.3624264584"
"Průměrný věk matek při narození dítěte","5426W","1965","1965","Česko","CZ","25.5514001087"
"Průměrný věk matek při narození dítěte","5426W","1964","1964","Česko","CZ","25.5761365641"
"Průměrný věk matek při narození dítěte","5426W","1963","1963","Česko","CZ","25.4455816587"
"Průměrný věk matek při narození dítěte","5426W","1962","1962","Česko","CZ","25.3202250365"
"Průměrný věk matek při narození dítěte","5426W","1961","1961","Česko","CZ","25.4257572256"
"Průměrný věk matek při narození dítěte","5426W","1960","1960","Česko","CZ","25.4199870768"
"Průměrný věk matek při narození dítěte","5426W","1959","1959","Česko","CZ","25.4868166761"
"Průměrný věk matek při narození dítěte","5426W","1958","1958","Česko","CZ","25.9272428984"
"Průměrný věk matek při narození dítěte","5426W","1957","1957","Česko","CZ","26.2785982182"
"Průměrný věk matek při narození dítěte","5426W","1956","1956","Česko","CZ","26.5116778694"
"Průměrný věk matek při narození dítěte","5426W","1955","1955","Česko","CZ","26.7292191303"
"Průměrný věk matek při narození dítěte","5426W","1954","1954","Česko","CZ","26.8606682489"
"Průměrný věk matek při narození dítěte","5426W","1953","1953","Česko","CZ","26.9839469764"
"Průměrný věk matek při narození dítěte","5426W","1952","1952","Česko","CZ","27.0261003659"
"Průměrný věk matek při narození dítěte","5426W","1951","1951","Česko","CZ","27.1100240318"
"Průměrný věk matek při narození dítěte","5426W","1950","1950","Česko","CZ","27.3080825994"
"Průměrný věk matek při narození dítěte","5426W","1949","1949","Česko","CZ","27.4726318653"
"Průměrný věk matek při narození dítěte","5426W","1948","1948","Česko","CZ","27.8110306576"
"Průměrný věk matek při narození dítěte","5426W","1947","1947","Česko","CZ","28.1009373626"
"Průměrný věk matek při narození dítěte","5426W","1946","1946","Česko","CZ","28.4415729723"
"Průměrný věk matek při narození dítěte","5426W","1945","1945","Česko","CZ","28.6074844145"
"Průměrný věk matek při narození dítěte","5426W","1944","1944","Česko","CZ","28.4806929376"
"Průměrný věk matek při narození dítěte","5426W","1943","1943","Česko","CZ","28.0319933784"
"Průměrný věk matek při narození dítěte","5426W","1942","1942","Česko","CZ","27.9051669017"
"Průměrný věk matek při narození dítěte","5426W","1941","1941","Česko","CZ","27.7067702066"
"Průměrný věk matek při narození dítěte","5426W","1940","1940","Česko","CZ","27.4089329367"
"Průměrný věk matek při narození dítěte","5426W","1939","1939","Česko","CZ","27.7635833935"
"Průměrný věk matek při narození dítěte","5426W","1938","1938","Česko","CZ","27.933517596"
"Průměrný věk matek při narození dítěte","5426W","1937","1937","Česko","CZ","28.160737936"
"Průměrný věk matek při narození dítěte","5426W","1936","1936","Česko","CZ","28.2287987767"
"Průměrný věk matek při narození dítěte","5426W","1935","1935","Česko","CZ","28.2520394991"
"Průměrný věk matek při narození dítěte","5426W","1934","1934","Česko","CZ","28.3018649349"
"Průměrný věk matek při narození dítěte","5426W","1933","1933","Česko","CZ","28.3069303515"
"Průměrný věk matek při narození dítěte","5426W","1932","1932","Česko","CZ","28.4023130788"
"Průměrný věk matek při narození dítěte","5426W","1931","1931","Česko","CZ","28.5073444615"
"Průměrný věk matek při narození dítěte","5426W","1930","1930","Česko","CZ","28.6012224927"
"Průměrný věk matek při narození dítěte","5426W","1929","1929","Česko","CZ","28.7883497917"
"Průměrný věk matek při narození dítěte","5426W","1928","1928","Česko","CZ","28.9330631002"
"Průměrný věk matek při narození dítěte","5426W","1927","1927","Česko","CZ","29.0901291623"
"Průměrný věk matek při narození dítěte","5426W","1926","1926","Česko","CZ","29.2760579561"
"Průměrný věk matek při narození dítěte","5426W","1925","1925","Česko","CZ","29.4199265942"
"Průměrný věk matek při narození dítěte","5426W","1924","1924","Česko","CZ","29.5918693857"
"Průměrný věk matek při narození dítěte","5426W","1923","1923","Česko","CZ","29.6483300136"
"Průměrný věk matek při narození dítěte","5426W","1922","1922","Česko","CZ","29.7591934818"
"Průměrný věk matek při narození dítěte","5426W","1921","1921","Česko","CZ","29.8318665445"
"Průměrný věk matek při narození dítěte","5426W","1920","1920","Česko","CZ","30.1662467283"
"Průměrný věk matek při narození 1. dítěte","5426D1","2023","2023","Česko","CZ","28.90541978"
"Průměrný věk matek při narození 1. dítěte","5426D1","2022","2022","Česko","CZ","28.8460747817"
"Průměrný věk matek při narození 1. dítěte","5426D1","2021","2021","Česko","CZ","28.8076464053"
"Průměrný věk matek při narození 1. dítěte","5426D1","2020","2020","Česko","CZ","28.5063154185"
"Průměrný věk matek při narození 1. dítěte","5426D1","2019","2019","Česko","CZ","28.4614541744"
"Průměrný věk matek při narození 1. dítěte","5426D1","2018","2018","Česko","CZ","28.361857579"
"Průměrný věk matek při narození 1. dítěte","5426D1","2017","2017","Česko","CZ","28.2362055431"
"Průměrný věk matek při narození 1. dítěte","5426D1","2016","2016","Česko","CZ","28.2117645871"
"Průměrný věk matek při narození 1. dítěte","5426D1","2015","2015","Česko","CZ","28.2235585821"
"Průměrný věk matek při narození 1. dítěte","5426D1","2014","2014","Česko","CZ","28.1365657078"
"Průměrný věk matek při narození 1. dítěte","5426D1","2013","2013","Česko","CZ","28.0827601215"
"Průměrný věk matek při narození 1. dítěte","5426D1","2012","2012","Česko","CZ","27.9169571314"
"Průměrný věk matek při narození 1. dítěte","5426D1","2011","2011","Česko","CZ","27.7847681341"
"Průměrný věk matek při narození 1. dítěte","5426D1","2010","2010","Česko","CZ","27.6245938818"
"Průměrný věk matek při narození 1. dítěte","5426D1","2009","2009","Česko","CZ","27.4442635725"
"Průměrný věk matek při narození 1. dítěte","5426D1","2008","2008","Česko","CZ","27.3317951121"
"Průměrný věk matek při narození 1. dítěte","5426D1","2007","2007","Česko","CZ","27.1405745175"
"Průměrný věk matek při narození 1. dítěte","5426D1","2006","2006","Česko","CZ","26.9426934031"
"Průměrný věk matek při narození 1. dítěte","5426D1","2005","2005","Česko","CZ","26.6107010273"
"Průměrný věk matek při narození 1. dítěte","5426D1","2004","2004","Česko","CZ","26.3122668373"
"Průměrný věk matek při narození 1. dítěte","5426D1","2003","2003","Česko","CZ","25.9258260351"
"Průměrný věk matek při narození 1. dítěte","5426D1","2002","2002","Česko","CZ","25.6278000579"
"Průměrný věk matek při narození 1. dítěte","5426D1","2001","2001","Česko","CZ","25.3448110244"
"Průměrný věk matek při narození 1. dítěte","5426D1","2000","2000","Česko","CZ","24.9416813011"
"Průměrný věk matek při narození 1. dítěte","5426D1","1999","1999","Česko","CZ","24.5931193378"
"Průměrný věk matek při narození 1. dítěte","5426D1","1998","1998","Česko","CZ","24.3510829793"
"Průměrný věk matek při narození 1. dítěte","5426D1","1997","1997","Česko","CZ","24.0369306273"
"Průměrný věk matek při narození 1. dítěte","5426D1","1996","1996","Česko","CZ","23.6760147692"
"Průměrný věk matek při narození 1. dítěte","5426D1","1995","1995","Česko","CZ","23.321813037"
"Průměrný věk matek při narození 1. dítěte","5426D1","1994","1994","Česko","CZ","22.9166934659"
"Průměrný věk matek při narození 1. dítěte","5426D1","1993","1993","Česko","CZ","22.6068459455"
"Průměrný věk matek při narození 1. dítěte","5426D1","1992","1992","Česko","CZ","22.5068623476"
"Průměrný věk matek při narození 1. dítěte","5426D1","1991","1991","Česko","CZ","22.4293500752"
"Průměrný věk matek při narození 1. dítěte","5426D1","1990","1990","Česko","CZ","22.4686466457"
"Průměrný věk matek při narození 1. dítěte","5426D1","1989","1989","Česko","CZ","22.480817546"
"Průměrný věk matek při narození 1. dítěte","5426D1","1988","1988","Česko","CZ","22.4379615911"
"Průměrný věk matek při narození 1. dítěte","5426D1","1987","1987","Česko","CZ","22.4364465717"
"Průměrný věk matek při narození 1. dítěte","5426D1","1986","1986","Česko","CZ","22.3968406601"
"Průměrný věk matek při narození 1. dítěte","5426D1","1985","1985","Česko","CZ","22.34693962"
"Průměrný věk matek při narození 1. dítěte","5426D1","1984","1984","Česko","CZ","22.31326884"
"Průměrný věk matek při narození 1. dítěte","5426D1","1983","1983","Česko","CZ","22.31368248"
"Průměrný věk matek při narození 1. dítěte","5426D1","1982","1982","Česko","CZ","22.36208976"
"Průměrný věk matek při narození 1. dítěte","5426D1","1981","1981","Česko","CZ","22.37906402"
"Průměrný věk matek při narození 1. dítěte","5426D1","1980","1980","Česko","CZ","22.3575794"
"Průměrný věk matek při narození 1. dítěte","5426D1","1979","1979","Česko","CZ","22.40029492"
"Průměrný věk matek při narození 1. dítěte","5426D1","1978","1978","Česko","CZ","22.43790348"
"Průměrný věk matek při narození 1. dítěte","5426D1","1977","1977","Česko","CZ","22.46907247"
"Průměrný věk matek při narození 1. dítěte","5426D1","1976","1976","Česko","CZ","22.48827338"
"Průměrný věk matek při narození 1. dítěte","5426D1","1975","1975","Česko","CZ","22.51324571"
"Průměrný věk matek při narození 1. dítěte","5426D1","1974","1974","Česko","CZ","22.59303265"
"Průměrný věk matek při narození 1. dítěte","5426D1","1973","1973","Česko","CZ","22.6244743"
"Průměrný věk matek při narození 1. dítěte","5426D1","1972","1972","Česko","CZ","22.61461644"
"Průměrný věk matek při narození 1. dítěte","5426D1","1971","1971","Česko","CZ","22.58636257"
"Průměrný věk matek při narození 1. dítěte","5426D1","1970","1970","Česko","CZ","22.45362027"
"Průměrný věk matek při narození 1. dítěte","5426D1","1969","1969","Česko","CZ","22.45455181"
"Průměrný věk matek při narození 1. dítěte","5426D1","1968","1968","Česko","CZ","22.5190862"
"Průměrný věk matek při narození 1. dítěte","5426D1","1967","1967","Česko","CZ","22.47943874"
"Průměrný věk matek při narození 1. dítěte","5426D1","1966","1966","Česko","CZ","22.55427047"
"Průměrný věk matek při narození 1. dítěte","5426D1","1965","1965","Česko","CZ","22.67338427"
"Průměrný věk matek při narození 1. dítěte","5426D1","1964","1964","Česko","CZ","22.71762051"
"Průměrný věk matek při narození 1. dítěte","5426D1","1963","1963","Česko","CZ","22.73706311"
"Průměrný věk matek při narození 1. dítěte","5426D1","1962","1962","Česko","CZ","22.80437785"
"Průměrný věk matek při narození 1. dítěte","5426D1","1961","1961","Česko","CZ","22.88992596"
"Průměrný věk matek při narození 1. dítěte","5426D1","1960","1960","Česko","CZ","22.86377592"
"Průměrný věk matek při narození 1. dítěte","5426D1","1959","1959","Česko","CZ","22.9039559975"
"Průměrný věk matek při narození 1. dítěte","5426D1","1958","1958","Česko","CZ","22.9943205384"
"Průměrný věk matek při narození 1. dítěte","5426D1","1957","1957","Česko","CZ","22.9760236542"
"Průměrný věk matek při narození 1. dítěte","5426D1","1956","1956","Česko","CZ","23.0976407644"
"Průměrný věk matek při narození 1. dítěte","5426D1","1955","1955","Česko","CZ","23.2351559268"
"Průměrný věk matek při narození 1. dítěte","5426D1","1954","1954","Česko","CZ","23.3323802876"
"Průměrný věk matek při narození 1. dítěte","5426D1","1953","1953","Česko","CZ","23.4513624087"
"Průměrný věk matek při narození 1. dítěte","5426D1","1952","1952","Česko","CZ","23.5637092708"
"Průměrný věk matek při narození 1. dítěte","5426D1","1951","1951","Česko","CZ","23.5963472907"
"Průměrný věk matek při narození 1. dítěte","5426D1","1950","1950","Česko","CZ","23.7725855239"
"Průměrný věk matek při narození 1. dítěte","5426D1","1949","1949","Česko","CZ","24.0747863997"
"Průměrný věk matek při narození 1. dítěte","5426D1","1948","1948","Česko","CZ","24.2138781526"
"Průměrný věk matek při narození 1. dítěte","5426D1","1947","1947","Česko","CZ","24.5696231408"
"Průměrný věk matek při narození 1. dítěte","5426D1","1946","1946","Česko","CZ","24.9759001432"
"Průměrný věk matek při narození 1. dítěte","5426D1","1945","1945","Česko","CZ","25.1259418104"
"Průměrný věk matek při narození 1. dítěte","5426D1","1944","1944","Česko","CZ","25.2292841752"
"Průměrný věk matek při narození 1. dítěte","5426D1","1943","1943","Česko","CZ","25.11389408"
"Průměrný věk matek při narození 1. dítěte","5426D1","1942","1942","Česko","CZ","25.02672798"
"Průměrný věk matek při narození 1. dítěte","5426D1","1941","1941","Česko","CZ","24.8650567761"
"Průměrný věk matek při narození 1. dítěte","5426D1","1940","1940","Česko","CZ","24.7362521971"
"Průměrný věk matek při narození 1. dítěte","5426D1","1939","1939","Česko","CZ","25.0360577654"
"Průměrný věk matek při narození 1. dítěte","5426D1","1938","1938","Česko","CZ","25.1205680967"
"Průměrný věk matek při narození 1. dítěte","5426D1","1937","1937","Česko","CZ","25.0853282759"
"Průměrný věk matek při narození 1. dítěte","5426D1","1936","1936","Česko","CZ","25.0795279054"
"Průměrný věk matek při narození 1. dítěte","5426D1","1935","1935","Česko","CZ","24.9781760412"
"Průměrný věk matek při narození 1. dítěte","5426D1","1934","1934","Česko","CZ","24.9743127125"
"Průměrný věk matek při narození 1. dítěte","5426D1","1933","1933","Česko","CZ","24.8847494812"
"Průměrný věk matek při narození 1. dítěte","5426D1","1932","1932","Česko","CZ","24.8416991253"
"Průměrný věk matek při narození 1. dítěte","5426D1","1931","1931","Česko","CZ","24.8538177383"
"Průměrný věk matek při narození 1. dítěte","5426D1","1930","1930","Česko","CZ","24.934015272"
"Průměrný věk matek při narození 1. dítěte","5426D1","1929","1929","Česko","CZ","24.9575481233"
"Průměrný věk matek při narození 1. dítěte","5426D1","1928","1928","Česko","CZ","24.9823261537"
"Průměrný věk matek při narození 1. dítěte","5426D1","1927","1927","Česko","CZ","25.0001462566"
"Průměrný věk matek při narození 1. dítěte","5426D1","1926","1926","Česko","CZ","25.1343450872"
"Průměrný věk matek při narození 1. dítěte","5426D1","1925","1925","Česko","CZ","25.2630072753"
"Naděje dožití mužů","5411M","2023","2023","Česko","CZ","76.89409283"
"Naděje dožití mužů","5411M","2022","2022","Česko","CZ","76.1483805299"
"Naděje dožití mužů","5411M","2021","2021","Česko","CZ","74.0931411952"
"Naděje dožití mužů","5411M","2020","2020","Česko","CZ","75.3035998674"
"Naděje dožití mužů","5411M","2019","2019","Česko","CZ","76.3289995826"
"Naděje dožití mužů","5411M","2018","2018","Česko","CZ","76.0839391341"
"Naděje dožití mužů","5411M","2017","2017","Česko","CZ","76.0048893891"
"Naděje dožití mužů","5411M","2016","2016","Česko","CZ","76.044936268"
"Naděje dožití mužů","5411M","2015","2015","Česko","CZ","75.6148426981"
"Naděje dožití mužů","5411M","2014","2014","Česko","CZ","75.7075451827"
"Naděje dožití mužů","5411M","2013","2013","Česko","CZ","75.1531452448"
"Naděje dožití mužů","5411M","2012","2012","Česko","CZ","74.9582726458"
"Naděje dožití mužů","5411M","2011","2011","Česko","CZ","74.7098524846"
"Naděje dožití mužů","5411M","2010","2010","Česko","CZ","74.3985739607"
"Naděje dožití mužů","5411M","2009","2009","Česko","CZ","74.1738106018"
"Naděje dožití mužů","5411M","2008","2008","Česko","CZ","74.0211756026"
"Naděje dožití mužů","5411M","2007","2007","Česko","CZ","73.6689831281"
"Naděje dožití mužů","5411M","2006","2006","Česko","CZ","73.4414269844"
"Naděje dožití mužů","5411M","2005","2005","Česko","CZ","72.9100238422"
"Naděje dožití mužů","5411M","2004","2004","Česko","CZ","72.5638938613"
"Naděje dožití mužů","5411M","2003","2003","Česko","CZ","72.062250972"
"Naděje dožití mužů","5411M","2002","2002","Česko","CZ","72.0772014499"
"Naděje dožití mužů","5411M","2001","2001","Česko","CZ","72.0261848818"
"Naděje dožití mužů","5411M","2000","2000","Česko","CZ","71.6265464972"
"Naděje dožití mužů","5411M","1999","1999","Česko","CZ","71.4022227178"
"Naděje dožití mužů","5411M","1998","1998","Česko","CZ","71.1143054026"
"Naděje dožití mužů","5411M","1997","1997","Česko","CZ","70.4873288516"
"Naděje dožití mužů","5411M","1996","1996","Česko","CZ","70.351494331"
"Naděje dožití mužů","5411M","1995","1995","Česko","CZ","69.7074367658"
"Naděje dožití mužů","5411M","1994","1994","Česko","CZ","69.5226380962"
"Naděje dožití mužů","5411M","1993","1993","Česko","CZ","69.2776824308"
"Naděje dožití mužů","5411M","1992","1992","Česko","CZ","68.5439215368"
"Naděje dožití mužů","5411M","1991","1991","Česko","CZ","68.2333679175"
"Naděje dožití mužů","5411M","1990","1990","Česko","CZ","67.5700799894"
"Naděje dožití mužů","5411M","1989","1989","Česko","CZ","68.1393371006"
"Naděje dožití mužů","5411M","1988","1988","Česko","CZ","68.1269376486"
"Naděje dožití mužů","5411M","1987","1987","Česko","CZ","67.8838554973"
"Naděje dožití mužů","5411M","1986","1986","Česko","CZ","67.4965165892"
"Naděje dožití mužů","5411M","1985","1985","Česko","CZ","67.5086732813"
"Naděje dožití mužů","5411M","1984","1984","Česko","CZ","67.349536708"
"Naděje dožití mužů","5411M","1983","1983","Česko","CZ","67.0561628984"
"Naděje dožití mužů","5411M","1982","1982","Česko","CZ","67.3370982496"
"Naděje dožití mužů","5411M","1981","1981","Česko","CZ","67.2104629129"
"Naděje dožití mužů","5411M","1980","1980","Česko","CZ","66.8844391098"
"Naděje dožití mužů","5411M","1979","1979","Česko","CZ","67.3982917152"
"Naděje dožití mužů","5411M","1978","1978","Česko","CZ","67.2433820412"
"Naděje dožití mužů","5411M","1977","1977","Česko","CZ","67.1564855619"
"Naděje dožití mužů","5411M","1976","1976","Česko","CZ","67.0844096686"
"Naděje dožití mužů","5411M","1975","1975","Česko","CZ","67.0390459537"
"Naděje dožití mužů","5411M","1974","1974","Česko","CZ","66.7744914945"
"Naděje dožití mužů","5411M","1973","1973","Česko","CZ","66.5408010452"
"Naděje dožití mužů","5411M","1972","1972","Česko","CZ","66.8434516585"
"Naděje dožití mužů","5411M","1971","1971","Česko","CZ","66.1688753707"
"Naděje dožití mužů","5411M","1970","1970","Česko","CZ","66.0633099033"
"Naděje dožití mužů","5411M","1969","1969","Česko","CZ","65.9553908971"
"Naděje dožití mužů","5411M","1968","1968","Česko","CZ","66.5761395276"
"Naděje dožití mužů","5411M","1967","1967","Česko","CZ","67.1349376154"
"Naděje dožití mužů","5411M","1966","1966","Česko","CZ","67.2598841184"
"Naděje dožití mužů","5411M","1965","1965","Česko","CZ","67.1588036203"
"Naděje dožití mužů","5411M","1964","1964","Česko","CZ","67.5106037342"
"Naděje dožití mužů","5411M","1963","1963","Česko","CZ","67.317931182"
"Naděje dožití mužů","5411M","1962","1962","Česko","CZ","66.9021346562"
"Naděje dožití mužů","5411M","1961","1961","Česko","CZ","67.6526226132"
"Naděje dožití mužů","5411M","1960","1960","Česko","CZ","67.9554302547"
"Naděje dožití mužů","5411M","1959","1959","Česko","CZ","67.4954137646"
"Naděje dožití mužů","5411M","1958","1958","Česko","CZ","67.6195353527"
"Naděje dožití mužů","5411M","1957","1957","Česko","CZ","66.6896151214"
"Naděje dožití mužů","5411M","1956","1956","Česko","CZ","67.0540245075"
"Naděje dožití mužů","5411M","1955","1955","Česko","CZ","66.6515150634"
"Naděje dožití mužů","5411M","1954","1954","Česko","CZ","65.7694477645"
"Naděje dožití mužů","5411M","1953","1953","Česko","CZ","65.4257596695"
"Naděje dožití mužů","5411M","1952","1952","Česko","CZ","64.651809781"
"Naděje dožití mužů","5411M","1951","1951","Česko","CZ","62.9193797104"
"Naděje dožití mužů","5411M","1950","1950","Česko","CZ","62.0097610138"
"Naděje dožití mužů","5411M","1949","1949","Česko","CZ","61.3320089124"
"Naděje dožití mužů","5411M","1948","1948","Česko","CZ","61.5565857255"
"Naděje dožití mužů","5411M","1947","1947","Česko","CZ","60.2158916652"
"Naděje dožití mužů","5411M","1946","1946","Česko","CZ","57.9273753954"
"Naděje dožití mužů","5411M","1945","1945","Česko","CZ","50.4321848694"
"Naděje dožití mužů","5411M","1944","1944","Česko","CZ","56.6474049947"
"Naděje dožití mužů","5411M","1943","1943","Česko","CZ","56.0990334091"
"Naděje dožití mužů","5411M","1942","1942","Česko","CZ","55.4400984215"
"Naděje dožití mužů","5411M","1941","1941","Česko","CZ","56.39864327"
"Naděje dožití mužů","5411M","1940","1940","Česko","CZ","56.3546965086"
"Naděje dožití mužů","5411M","1939","1939","Česko","CZ","56.1536080683"
"Naděje dožití mužů","5411M","1938","1938","Česko","CZ","55.866225764"
"Naděje dožití mužů","5411M","1937","1937","Česko","CZ","56.4490536865"
"Naděje dožití mužů","5411M","1936","1936","Česko","CZ","56.1681188795"
"Naděje dožití mužů","5411M","1935","1935","Česko","CZ","55.7642824259"
"Naděje dožití mužů","5411M","1934","1934","Česko","CZ","55.8248867145"
"Naděje dožití mužů","5411M","1933","1933","Česko","CZ","55.4078490617"
"Naděje dožití mužů","5411M","1932","1932","Česko","CZ","54.788926875"
"Naděje dožití mužů","5411M","1931","1931","Česko","CZ","54.4540176886"
"Naděje dožití mužů","5411M","1930","1930","Česko","CZ","53.7005955613"
"Naděje dožití mužů","5411M","1929","1929","Česko","CZ","52.378088011"
"Naděje dožití mužů","5411M","1928","1928","Česko","CZ","52.9728576846"
"Naděje dožití mužů","5411M","1927","1927","Česko","CZ","51.9078796612"
"Naděje dožití mužů","5411M","1926","1926","Česko","CZ","52.6585225811"
"Naděje dožití mužů","5411M","1925","1925","Česko","CZ","52.8536850027"
"Naděje dožití mužů","5411M","1924","1924","Česko","CZ","52.6106674868"
"Naděje dožití mužů","5411M","1923","1923","Česko","CZ","52.8793183006"
"Naděje dožití mužů","5411M","1922","1922","Česko","CZ","49.5876774786"
"Naděje dožití mužů","5411M","1921","1921","Česko","CZ","48.8224915263"
"Naděje dožití mužů","5411M","1920","1920","Česko","CZ","47.0306280001"
"Naděje dožití žen","5411Z","2023","2023","Česko","CZ","82.78054922"
"Naděje dožití žen","5411Z","2022","2022","Česko","CZ","82.0142787872"
"Naděje dožití žen","5411Z","2021","2021","Česko","CZ","80.5085140627"
"Naděje dožití žen","5411Z","2020","2020","Česko","CZ","81.3768895567"
"Naděje dožití žen","5411Z","2019","2019","Česko","CZ","82.1014818384"
"Naděje dožití žen","5411Z","2018","2018","Česko","CZ","81.891750582"
"Naděje dožití žen","5411Z","2017","2017","Česko","CZ","81.8451273946"
"Naděje dožití žen","5411Z","2016","2016","Česko","CZ","81.8260870838"
"Naděje dožití žen","5411Z","2015","2015","Česko","CZ","81.4535557999"
"Naděje dožití žen","5411Z","2014","2014","Česko","CZ","81.7288420906"
"Naděje dožití žen","5411Z","2013","2013","Česko","CZ","81.1573956667"
"Naděje dožití žen","5411Z","2012","2012","Česko","CZ","80.9939649002"
"Naděje dožití žen","5411Z","2011","2011","Česko","CZ","80.8332229218"
"Naděje dožití žen","5411Z","2010","2010","Česko","CZ","80.631133236"
"Naděje dožití žen","5411Z","2009","2009","Česko","CZ","80.3025748223"
"Naděje dožití žen","5411Z","2008","2008","Česko","CZ","80.2943482573"
"Naděje dožití žen","5411Z","2007","2007","Česko","CZ","80.0554464978"
"Naděje dožití žen","5411Z","2006","2006","Česko","CZ","79.8501110076"
"Naděje dožití žen","5411Z","2005","2005","Česko","CZ","79.3439895802"
"Naděje dožití žen","5411Z","2004","2004","Česko","CZ","79.2042151889"
"Naděje dožití žen","5411Z","2003","2003","Česko","CZ","78.6429714726"
"Naděje dožití žen","5411Z","2002","2002","Česko","CZ","78.6968520681"
"Naděje dožití žen","5411Z","2001","2001","Česko","CZ","78.5149246523"
"Naděje dožití žen","5411Z","2000","2000","Česko","CZ","78.3898206659"
"Naděje dožití žen","5411Z","1999","1999","Česko","CZ","78.1370972527"
"Naděje dožití žen","5411Z","1998","1998","Česko","CZ","78.0252254942"
"Naděje dožití žen","5411Z","1997","1997","Česko","CZ","77.4760124689"
"Naděje dožití žen","5411Z","1996","1996","Česko","CZ","77.3641868025"
"Naděje dožití žen","5411Z","1995","1995","Česko","CZ","76.6874955815"
"Naděje dožití žen","5411Z","1994","1994","Česko","CZ","76.6704794245"
"Naděje dožití žen","5411Z","1993","1993","Česko","CZ","76.4591109565"
"Naděje dožití žen","5411Z","1992","1992","Česko","CZ","76.2163906874"
"Naděje dožití žen","5411Z","1991","1991","Česko","CZ","75.75431687"
"Naděje dožití žen","5411Z","1990","1990","Česko","CZ","75.4286970604"
"Naděje dožití žen","5411Z","1989","1989","Česko","CZ","75.4629650588"
"Naděje dožití žen","5411Z","1988","1988","Česko","CZ","75.3699136746"
"Naděje dožití žen","5411Z","1987","1987","Česko","CZ","75.2088300003"
"Naděje dožití žen","5411Z","1986","1986","Česko","CZ","74.6881097848"
"Naděje dožití žen","5411Z","1985","1985","Česko","CZ","74.785049091"
"Naděje dožití žen","5411Z","1984","1984","Česko","CZ","74.5168831986"
"Naděje dožití žen","5411Z","1983","1983","Česko","CZ","74.3190892305"
"Naděje dožití žen","5411Z","1982","1982","Česko","CZ","74.4886115544"
"Naděje dožití žen","5411Z","1981","1981","Česko","CZ","74.4060517441"
"Naděje dožití žen","5411Z","1980","1980","Česko","CZ","73.9806665493"
"Naděje dožití žen","5411Z","1979","1979","Česko","CZ","74.4085813055"
"Naděje dožití žen","5411Z","1978","1978","Česko","CZ","74.3215674202"
"Naděje dožití žen","5411Z","1977","1977","Česko","CZ","74.2561465618"
"Naděje dožití žen","5411Z","1976","1976","Česko","CZ","74.2405519252"
"Naděje dožití žen","5411Z","1975","1975","Česko","CZ","74.0468736808"
"Naděje dožití žen","5411Z","1974","1974","Česko","CZ","73.6100140957"
"Naděje dožití žen","5411Z","1973","1973","Česko","CZ","73.6944496179"
"Naděje dožití žen","5411Z","1972","1972","Česko","CZ","73.7065510626"
"Naděje dožití žen","5411Z","1971","1971","Česko","CZ","73.3929253642"
"Naděje dožití žen","5411Z","1970","1970","Česko","CZ","73.026896588"
"Naděje dožití žen","5411Z","1969","1969","Česko","CZ","73.1444839862"
"Naděje dožití žen","5411Z","1968","1968","Česko","CZ","73.4759572143"
"Naděje dožití žen","5411Z","1967","1967","Česko","CZ","73.7436186951"
"Naděje dožití žen","5411Z","1966","1966","Česko","CZ","73.8240351461"
"Naděje dožití žen","5411Z","1965","1965","Česko","CZ","73.4586450619"
"Naděje dožití žen","5411Z","1964","1964","Česko","CZ","73.7084515419"
"Naděje dožití žen","5411Z","1963","1963","Česko","CZ","73.5358906775"
"Naděje dožití žen","5411Z","1962","1962","Česko","CZ","72.9131325526"
"Naděje dožití žen","5411Z","1961","1961","Česko","CZ","73.5897483717"
"Naděje dožití žen","5411Z","1960","1960","Česko","CZ","73.4780617338"
"Naděje dožití žen","5411Z","1959","1959","Česko","CZ","72.8625344635"
"Naděje dožití žen","5411Z","1958","1958","Česko","CZ","72.7460617136"
"Naděje dožití žen","5411Z","1957","1957","Česko","CZ","71.8242162995"
"Naděje dožití žen","5411Z","1956","1956","Česko","CZ","72.0981951046"
"Naděje dožití žen","5411Z","1955","1955","Česko","CZ","71.6708559284"
"Naděje dožití žen","5411Z","1954","1954","Česko","CZ","70.67452719"
"Naděje dožití žen","5411Z","1953","1953","Česko","CZ","70.0192842702"
"Naděje dožití žen","5411Z","1952","1952","Česko","CZ","69.3113513744"
"Naděje dožití žen","5411Z","1951","1951","Česko","CZ","67.7433854197"
"Naděje dožití žen","5411Z","1950","1950","Česko","CZ","66.819586842"
"Naděje dožití žen","5411Z","1949","1949","Česko","CZ","66.3385637559"
"Naděje dožití žen","5411Z","1948","1948","Česko","CZ","66.1550044131"
"Naděje dožití žen","5411Z","1947","1947","Česko","CZ","64.9954148706"
"Naděje dožití žen","5411Z","1946","1946","Česko","CZ","63.0946241115"
"Naděje dožití žen","5411Z","1945","1945","Česko","CZ","58.6362166501"
"Naděje dožití žen","5411Z","1944","1944","Česko","CZ","60.8210366779"
"Naděje dožití žen","5411Z","1943","1943","Česko","CZ","59.7714844657"
"Naděje dožití žen","5411Z","1942","1942","Česko","CZ","59.8266279378"
"Naděje dožití žen","5411Z","1941","1941","Česko","CZ","60.4842679486"
"Naděje dožití žen","5411Z","1940","1940","Česko","CZ","60.7681321952"
"Naděje dožití žen","5411Z","1939","1939","Česko","CZ","60.187426147"
"Naděje dožití žen","5411Z","1938","1938","Česko","CZ","60.4475575284"
"Naděje dožití žen","5411Z","1937","1937","Česko","CZ","60.4067486739"
"Naděje dožití žen","5411Z","1936","1936","Česko","CZ","59.8357334543"
"Naděje dožití žen","5411Z","1935","1935","Česko","CZ","59.7909463144"
"Naděje dožití žen","5411Z","1934","1934","Česko","CZ","59.6334644405"
"Naděje dožití žen","5411Z","1933","1933","Česko","CZ","58.7947712746"
"Naděje dožití žen","5411Z","1932","1932","Česko","CZ","58.3691750654"
"Naděje dožití žen","5411Z","1931","1931","Česko","CZ","58.2795616844"
"Naděje dožití žen","5411Z","1930","1930","Česko","CZ","57.6136085044"
"Naděje dožití žen","5411Z","1929","1929","Česko","CZ","56.1458536148"
"Naděje dožití žen","5411Z","1928","1928","Česko","CZ","56.672186081"
"Naděje dožití žen","5411Z","1927","1927","Česko","CZ","55.1079173619"
"Naděje dožití žen","5411Z","1926","1926","Česko","CZ","55.8563387863"
"Naděje dožití žen","5411Z","1925","1925","Česko","CZ","56.0537490893"
"Naděje dožití žen","5411Z","1924","1924","Česko","CZ","55.8399842955"
"Naděje dožití žen","5411Z","1923","1923","Česko","CZ","55.8588373484"
"Naděje dožití žen","5411Z","1922","1922","Česko","CZ","52.6985217523"
"Naděje dožití žen","5411Z","1921","1921","Česko","CZ","51.8279599416"
"Naděje dožití žen","5411Z","1920","1920","Česko","CZ","49.777447325"
"Úhrnná rozvodovost (%)","8851W","2023","2023","Česko","CZ","37.12532911"
"Úhrnná rozvodovost (%)","8851W","2022","2022","Česko","CZ","37.7002493758"
"Úhrnná rozvodovost (%)","8851W","2021","2021","Česko","CZ","39.7489128662"
"Úhrnná rozvodovost (%)","8851W","2020","2020","Česko","CZ","40.5557756884"
"Úhrnná rozvodovost (%)","8851W","2019","2019","Česko","CZ","44.803765552"
"Úhrnná rozvodovost (%)","8851W","2018","2018","Česko","CZ","44.8214830026"
"Úhrnná rozvodovost (%)","8851W","2017","2017","Česko","CZ","47.1552675601"
"Úhrnná rozvodovost (%)","8851W","2016","2016","Česko","CZ","45.2394423961"
"Úhrnná rozvodovost (%)","8851W","2015","2015","Česko","CZ","46.5236925465"
"Úhrnná rozvodovost (%)","8851W","2014","2014","Česko","CZ","46.7249768282"
"Úhrnná rozvodovost (%)","8851W","2013","2013","Česko","CZ","47.8401875847"
"Úhrnná rozvodovost (%)","8851W","2012","2012","Česko","CZ","44.4922698555"
"Úhrnná rozvodovost (%)","8851W","2011","2011","Česko","CZ","46.2329937939"
"Úhrnná rozvodovost (%)","8851W","2010","2010","Česko","CZ","49.9629433221"
"Úhrnná rozvodovost (%)","8851W","2009","2009","Česko","CZ","46.7639096058"
"Úhrnná rozvodovost (%)","8851W","2008","2008","Česko","CZ","49.629547639"
"Úhrnná rozvodovost (%)","8851W","2007","2007","Česko","CZ","48.7475110579"
"Úhrnná rozvodovost (%)","8851W","2006","2006","Česko","CZ","48.6882243262"
"Úhrnná rozvodovost (%)","8851W","2005","2005","Česko","CZ","47.3397479021"
"Úhrnná rozvodovost (%)","8851W","2004","2004","Česko","CZ","49.2855547444"
"Úhrnná rozvodovost (%)","8851W","2003","2003","Česko","CZ","48.0103250019"
"Úhrnná rozvodovost (%)","8851W","2002","2002","Česko","CZ","45.7462846308"
"Úhrnná rozvodovost (%)","8851W","2001","2001","Česko","CZ","44.6790264371"
"Úhrnná rozvodovost (%)","8851W","2000","2000","Česko","CZ","41.3880733306"
"Úhrnná rozvodovost (%)","8851W","1999","1999","Česko","CZ","32.4772983481"
"Úhrnná rozvodovost (%)","8851W","1998","1998","Česko","CZ","43.0718492811"
"Úhrnná rozvodovost (%)","8851W","1997","1997","Česko","CZ","42.1440112172"
"Úhrnná rozvodovost (%)","8851W","1996","1996","Česko","CZ","41.8274836683"
"Úhrnná rozvodovost (%)","8851W","1995","1995","Česko","CZ","38.4475710038"
"Úhrnná rozvodovost (%)","8851W","1994","1994","Česko","CZ","37.5109376362"
"Úhrnná rozvodovost (%)","8851W","1993","1993","Česko","CZ","36.1801669579"
"Úhrnná rozvodovost (%)","8851W","1992","1992","Česko","CZ","33.911044277"
"Úhrnná rozvodovost (%)","8851W","1991","1991","Česko","CZ","34.7532514555"
"Úhrnná rozvodovost (%)","8851W","1990","1990","Česko","CZ","37.9822593027"
"Úhrnná rozvodovost (%)","8851W","1989","1989","Česko","CZ","37.1463756503"
"Úhrnná rozvodovost (%)","8851W","1988","1988","Česko","CZ","36.235399254"
"Úhrnná rozvodovost (%)","8851W","1987","1987","Česko","CZ","36.6020009026"
"Úhrnná rozvodovost (%)","8851W","1986","1986","Česko","CZ","34.7731799802"
"Úhrnná rozvodovost (%)","8851W","1985","1985","Česko","CZ","35.7330911929"
"Úhrnná rozvodovost (%)","8851W","1984","1984","Česko","CZ","35.6044619135"
"Úhrnná rozvodovost (%)","8851W","1983","1983","Česko","CZ","33.9656038068"
"Úhrnná rozvodovost (%)","8851W","1982","1982","Česko","CZ","31.8850663919"
"Úhrnná rozvodovost (%)","8851W","1981","1981","Česko","CZ","31.3997073145"
"Úhrnná rozvodovost (%)","8851W","1980","1980","Česko","CZ","30.6716496889"
"Úhrnná rozvodovost (%)","8851W","1979","1979","Česko","CZ","29.4367460647"
"Úhrnná rozvodovost (%)","8851W","1978","1978","Česko","CZ","30.5685795166"
"Úhrnná rozvodovost (%)","8851W","1977","1977","Česko","CZ","28.7700483967"
"Úhrnná rozvodovost (%)","8851W","1976","1976","Česko","CZ","29.1230905108"
"Úhrnná rozvodovost (%)","8851W","1975","1975","Česko","CZ","30.0992563014"
"Úhrnná rozvodovost (%)","8851W","1974","1974","Česko","CZ","29.1047184475"
"Úhrnná rozvodovost (%)","8851W","1973","1973","Česko","CZ","29.9130755493"
"Úhrnná rozvodovost (%)","8851W","1972","1972","Česko","CZ","26.8898216224"
"Úhrnná rozvodovost (%)","8851W","1971","1971","Česko","CZ","28.4737786141"
"Úhrnná rozvodovost (%)","8851W","1970","1970","Česko","CZ","26.1491560983"
"Úhrnná rozvodovost (%)","8851W","1969","1969","Česko","CZ","25.1830378588"
"Úhrnná rozvodovost (%)","8851W","1968","1968","Česko","CZ","23.0283468685"
"Úhrnná rozvodovost (%)","8851W","1967","1967","Česko","CZ","21.6183177476"
"Úhrnná rozvodovost (%)","8851W","1966","1966","Česko","CZ","21.747851583"
"Úhrnná rozvodovost (%)","8851W","1965","1965","Česko","CZ","20.2655010087"
"Úhrnná rozvodovost (%)","8851W","1964","1964","Česko","CZ","18.0747842131"
"Úhrnná rozvodovost (%)","8851W","1963","1963","Česko","CZ","18.4781361938"
"Úhrnná rozvodovost (%)","8851W","1962","1962","Česko","CZ","17.6397711085"
"Úhrnná rozvodovost (%)","8851W","1961","1961","Česko","CZ","17.2288559927"
"Úhrnná rozvodovost (%)","8851W","1960","1960","Česko","CZ","15.843243318"
"Úhrnná rozvodovost (%)","8851W","1959","1959","Česko","CZ","15.8944524442"
"Úhrnná rozvodovost (%)","8851W","1958","1958","Česko","CZ","16.0502559334"
"Úhrnná rozvodovost (%)","8851W","1957","1957","Česko","CZ","14.5264076871"
"Úhrnná rozvodovost (%)","8851W","1956","1956","Česko","CZ","14.5429572133"
"Úhrnná rozvodovost (%)","8851W","1955","1955","Česko","CZ","13.7887906066"
"Úhrnná rozvodovost (%)","8851W","1954","1954","Česko","CZ","11.0215805496"
"Úhrnná rozvodovost (%)","8851W","1953","1953","Česko","CZ","10.7395926929"
"Úhrnná rozvodovost (%)","8851W","1952","1952","Česko","CZ","12.0040021158"
"Úhrnná rozvodovost (%)","8851W","1951","1951","Česko","CZ","10.9431322479"
"Úhrnná rozvodovost (%)","8851W","1950","1950","Česko","CZ","12.0814033451"
"Úhrnná rozvodovost (%)","8851W","1949","1949","Česko","CZ","11.2913861574"
"Úhrnná rozvodovost (%)","8851W","1937","1937","Česko","CZ","7.8591091186"
"Úhrnná rozvodovost (%)","8851W","1936","1936","Česko","CZ","8.1690686272"
"Úhrnná rozvodovost (%)","8851W","1935","1935","Česko","CZ","6.8917071994"
"Úhrnná rozvodovost (%)","8851W","1934","1934","Česko","CZ","6.5842776302"
"Úhrnná rozvodovost (%)","8851W","1933","1933","Česko","CZ","5.685955503"
"Úhrnná rozvodovost (%)","8851W","1932","1932","Česko","CZ","5.685955503"
"Úhrnná rozvodovost (%)","8851W","1931","1931","Česko","CZ","5.685955503"
"Úhrnná rozvodovost (%)","8851W","1930","1930","Česko","CZ","5.4655524448"
"Úhrnná rozvodovost (%)","8851W","1929","1929","Česko","CZ","5.4655524448"
"Úhrnná rozvodovost (%)","8851W","1928","1928","Česko","CZ","5.4655524448"
"Úhrnná rozvodovost (%)","8851W","1927","1927","Česko","CZ","5.5604260527"
"Úhrnná rozvodovost (%)","8851W","1926","1926","Česko","CZ","5.4930405306"
"Úhrnná rozvodovost (%)","8851W","1925","1925","Česko","CZ","5.8682055918"
"Úhrnná rozvodovost (%)","8851W","1924","1924","Česko","CZ","6.0544519949"
"Úhrnná rozvodovost (%)","8851W","1923","1923","Česko","CZ","6.4616876387"
"Úhrnná rozvodovost (%)","8851W","1922","1922","Česko","CZ","8.0576698972"
"Úhrnná rozvodovost (%)","8851W","1921","1921","Česko","CZ","7.3745065179"
"Úhrnná rozvodovost (%)","8851W","1920","1920","Česko","CZ","5.4021434412"
"Průměrná délka trvání manželství při rozvodu","9985","2023","2023","Česko","CZ","13.52659166"
"Průměrná délka trvání manželství při rozvodu","9985","2022","2022","Česko","CZ","13.5364918094"
"Průměrná délka trvání manželství při rozvodu","9985","2021","2021","Česko","CZ","13.6007371736"
"Průměrná délka trvání manželství při rozvodu","9985","2020","2020","Česko","CZ","13.7050412615"
"Průměrná délka trvání manželství při rozvodu","9985","2019","2019","Česko","CZ","13.4869169746"
"Průměrná délka trvání manželství při rozvodu","9985","2018","2018","Česko","CZ","13.4015266399"
"Průměrná délka trvání manželství při rozvodu","9985","2017","2017","Česko","CZ","13.2057017717"
"Průměrná délka trvání manželství při rozvodu","9985","2016","2016","Česko","CZ","13.1060055292"
"Průměrná délka trvání manželství při rozvodu","9985","2015","2015","Česko","CZ","13.0154180908"
"Průměrná délka trvání manželství při rozvodu","9985","2014","2014","Česko","CZ","13.0596391068"
"Průměrná délka trvání manželství při rozvodu","9985","2013","2013","Česko","CZ","12.9671074573"
"Průměrná délka trvání manželství při rozvodu","9985","2012","2012","Česko","CZ","12.8339834567"
"Průměrná délka trvání manželství při rozvodu","9985","2011","2011","Česko","CZ","12.9400346345"
"Průměrná délka trvání manželství při rozvodu","9985","2010","2010","Česko","CZ","12.6992391968"
"Průměrná délka trvání manželství při rozvodu","9985","2009","2009","Česko","CZ","12.4645422001"
"Průměrná délka trvání manželství při rozvodu","9985","2008","2008","Česko","CZ","12.3362370238"
"Průměrná délka trvání manželství při rozvodu","9985","2007","2007","Česko","CZ","12.2561319245"
"Průměrná délka trvání manželství při rozvodu","9985","2006","2006","Česko","CZ","12.0377473841"
"Průměrná délka trvání manželství při rozvodu","9985","2005","2005","Česko","CZ","12.1540419549"
"Průměrná délka trvání manželství při rozvodu","9985","2004","2004","Česko","CZ","11.8723686794"
"Průměrná délka trvání manželství při rozvodu","9985","2003","2003","Česko","CZ","11.7586049456"
"Průměrná délka trvání manželství při rozvodu","9985","2002","2002","Česko","CZ","11.5073683465"
"Průměrná délka trvání manželství při rozvodu","9985","2001","2001","Česko","CZ","11.2624436548"
"Průměrná délka trvání manželství při rozvodu","9985","2000","2000","Česko","CZ","11.0145058913"
"Průměrná délka trvání manželství při rozvodu","9985","1999","1999","Česko","CZ","10.7735384631"
"Průměrná délka trvání manželství při rozvodu","9985","1998","1998","Česko","CZ","10.7894577315"
"Průměrná délka trvání manželství při rozvodu","9985","1997","1997","Česko","CZ","10.7009359081"
"Průměrná délka trvání manželství při rozvodu","9985","1996","1996","Česko","CZ","10.6422171352"
"Průměrná délka trvání manželství při rozvodu","9985","1995","1995","Česko","CZ","10.4677052492"
"Průměrná délka trvání manželství při rozvodu","9985","1994","1994","Česko","CZ","10.4558742201"
"Průměrná délka trvání manželství při rozvodu","9985","1993","1993","Česko","CZ","10.2510606679"
"Průměrná délka trvání manželství při rozvodu","9985","1992","1992","Česko","CZ","10.1907037333"
"Průměrná délka trvání manželství při rozvodu","9985","1991","1991","Česko","CZ","10.0943249596"
"Průměrná délka trvání manželství při rozvodu","9985","1990","1990","Česko","CZ","10.1337057919"
"Průměrná délka trvání manželství při rozvodu","9985","1989","1989","Česko","CZ","10.3270820059"
"Průměrná délka trvání manželství při rozvodu","9985","1988","1988","Česko","CZ","10.3234837192"
"Průměrná délka trvání manželství při rozvodu","9985","1987","1987","Česko","CZ","10.2914579834"
"Průměrná délka trvání manželství při rozvodu","9985","1986","1986","Česko","CZ","10.3668120529"
"Průměrná délka trvání manželství při rozvodu","9985","1985","1985","Česko","CZ","10.3115089031"
"Průměrná délka trvání manželství při rozvodu","9985","1984","1984","Česko","CZ","10.246412533"
"Průměrná délka trvání manželství při rozvodu","9985","1983","1983","Česko","CZ","10.225323187"
"Průměrná délka trvání manželství při rozvodu","9985","1982","1982","Česko","CZ","9.9616542128"
"Průměrná délka trvání manželství při rozvodu","9985","1981","1981","Česko","CZ","10.0642951297"
"Průměrná délka trvání manželství při rozvodu","9985","1980","1980","Česko","CZ","10.1007458319"
"Průměrná délka trvání manželství při rozvodu","9985","1979","1979","Česko","CZ","10.2635574568"
"Průměrná délka trvání manželství při rozvodu","9985","1978","1978","Česko","CZ","10.337196266"
"Průměrná délka trvání manželství při rozvodu","9985","1977","1977","Česko","CZ","10.3308868714"
"Průměrná délka trvání manželství při rozvodu","9985","1976","1976","Česko","CZ","10.3367565166"
"Průměrná délka trvání manželství při rozvodu","9985","1975","1975","Česko","CZ","10.2744549503"
"Průměrná délka trvání manželství při rozvodu","9985","1974","1974","Česko","CZ","10.0754071858"
"Průměrná délka trvání manželství při rozvodu","9985","1973","1973","Česko","CZ","10.2705661685"
"Průměrná délka trvání manželství při rozvodu","9985","1972","1972","Česko","CZ","10.1656585474"
"Průměrná délka trvání manželství při rozvodu","9985","1971","1971","Česko","CZ","9.9404428339"
"Průměrná délka trvání manželství při rozvodu","9985","1970","1970","Česko","CZ","9.8430781085"
"Průměrná délka trvání manželství při rozvodu","9985","1969","1969","Česko","CZ","9.6746426501"
"Průměrná délka trvání manželství při rozvodu","9985","1968","1968","Česko","CZ","9.6850557866"
"Průměrná délka trvání manželství při rozvodu","9985","1967","1967","Česko","CZ","9.7066012258"
"Průměrná délka trvání manželství při rozvodu","9985","1966","1966","Česko","CZ","9.8044097945"
"Průměrná délka trvání manželství při rozvodu","9985","1965","1965","Česko","CZ","9.896270512"
"Průměrná délka trvání manželství při rozvodu","9985","1964","1964","Česko","CZ","9.9830466036"
"Průměrná délka trvání manželství při rozvodu","9985","1963","1963","Česko","CZ","9.6882922649"
"Průměrná délka trvání manželství při rozvodu","9985","1962","1962","Česko","CZ","9.8524350454"
"Průměrná délka trvání manželství při rozvodu","9985","1961","1961","Česko","CZ","9.8191267912"
"Průměrná délka trvání manželství při rozvodu","9985","1960","1960","Česko","CZ","9.8008765131"
"Průměrná délka trvání manželství při rozvodu","9985","1959","1959","Česko","CZ","9.6949393122"
"Průměrná délka trvání manželství při rozvodu","9985","1958","1958","Česko","CZ","9.6041404656"
"Průměrná délka trvání manželství při rozvodu","9985","1957","1957","Česko","CZ","9.7307371415"
"Průměrná délka trvání manželství při rozvodu","9985","1956","1956","Česko","CZ","10.2913961535"
"Průměrná délka trvání manželství při rozvodu","9985","1955","1955","Česko","CZ","8.6842635603"
"Průměrná délka trvání manželství při rozvodu","9985","1954","1954","Česko","CZ","8.6495916887"
"Průměrná délka trvání manželství při rozvodu","9985","1953","1953","Česko","CZ","8.9564994933"
"Průměrná délka trvání manželství při rozvodu","9985","1952","1952","Česko","CZ","9.2802879185"
"Průměrná délka trvání manželství při rozvodu","9985","1951","1951","Česko","CZ","10.0122575339"
"Průměrná délka trvání manželství při rozvodu","9985","1950","1950","Česko","CZ","10.8125021221"
"Průměrná délka trvání manželství při rozvodu","9985","1949","1949","Česko","CZ","9.1336651066"
"Průměrná délka trvání manželství při rozvodu","9985","1937","1937","Česko","CZ","10.4493095366"
"Průměrná délka trvání manželství při rozvodu","9985","1936","1936","Česko","CZ","10.4173710456"
"Průměrná délka trvání manželství při rozvodu","9985","1935","1935","Česko","CZ","10.6077147654"
"Průměrná délka trvání manželství při rozvodu","9985","1934","1934","Česko","CZ","10.6679875565"
"Průměrná délka trvání manželství při rozvodu","9985","1933","1933","Česko","CZ","10.7036635022"
"Průměrná délka trvání manželství při rozvodu","9985","1932","1932","Česko","CZ","10.7036635022"
"Průměrná délka trvání manželství při rozvodu","9985","1931","1931","Česko","CZ","10.7036635022"
"Průměrná délka trvání manželství při rozvodu","9985","1930","1930","Česko","CZ","10.7465342093"
"Průměrná délka trvání manželství při rozvodu","9985","1929","1929","Česko","CZ","10.7465342093"
"Průměrná délka trvání manželství při rozvodu","9985","1928","1928","Česko","CZ","10.7465342093"
"Průměrná délka trvání manželství při rozvodu","9985","1927","1927","Česko","CZ","11.0141344668"
"Průměrná délka trvání manželství při rozvodu","9985","1926","1926","Česko","CZ","10.9731119782"
"Průměrná délka trvání manželství při rozvodu","9985","1925","1925","Česko","CZ","11.4714283956"
"Průměrná délka trvání manželství při rozvodu","9985","1924","1924","Česko","CZ","11.5631104696"
"Průměrná délka trvání manželství při rozvodu","9985","1923","1923","Česko","CZ","11.4511686576"
"Průměrná délka trvání manželství při rozvodu","9985","1922","1922","Česko","CZ","11.269254949"
"Průměrná délka trvání manželství při rozvodu","9985","1921","1921","Česko","CZ","11.3161666877"
"Průměrná délka trvání manželství při rozvodu","9985","1920","1920","Česko","CZ","12.5714222798"
"Tabulková prvosňatečnost mužů (%)","7181M","2023","2023","Česko","CZ","55.6130961"
"Tabulková prvosňatečnost mužů (%)","7181M","2022","2022","Česko","CZ","60.3670108351"
"Tabulková prvosňatečnost mužů (%)","7181M","2021","2021","Česko","CZ","54.4287689298"
"Tabulková prvosňatečnost mužů (%)","7181M","2020","2020","Česko","CZ","51.8781785659"
"Tabulková prvosňatečnost mužů (%)","7181M","2019","2019","Česko","CZ","59.0343735474"
"Tabulková prvosňatečnost mužů (%)","7181M","2018","2018","Česko","CZ","58.7814786414"
"Tabulková prvosňatečnost mužů (%)","7181M","2017","2017","Česko","CZ","57.5867826834"
"Tabulková prvosňatečnost mužů (%)","7181M","2016","2016","Česko","CZ","56.2214066606"
"Tabulková prvosňatečnost mužů (%)","7181M","2015","2015","Česko","CZ","55.0984358813"
"Tabulková prvosňatečnost mužů (%)","7181M","2014","2014","Česko","CZ","53.0865048817"
"Tabulková prvosňatečnost mužů (%)","7181M","2013","2013","Česko","CZ","51.4170764134"
"Tabulková prvosňatečnost mužů (%)","7181M","2012","2012","Česko","CZ","53.2320636254"
"Tabulková prvosňatečnost mužů (%)","7181M","2011","2011","Česko","CZ","53.5166263719"
"Tabulková prvosňatečnost mužů (%)","7181M","2010","2010","Česko","CZ","54.9114826995"
"Tabulková prvosňatečnost mužů (%)","7181M","2009","2009","Česko","CZ","56.0544874523"
"Tabulková prvosňatečnost mužů (%)","7181M","2008","2008","Česko","CZ","59.5717137587"
"Tabulková prvosňatečnost mužů (%)","7181M","2007","2007","Česko","CZ","64.4752860519"
"Tabulková prvosňatečnost mužů (%)","7181M","2006","2006","Česko","CZ","62.9123141138"
"Tabulková prvosňatečnost mužů (%)","7181M","2005","2005","Česko","CZ","62.8302921308"
"Tabulková prvosňatečnost mužů (%)","7181M","2004","2004","Česko","CZ","63.591863885"
"Tabulková prvosňatečnost mužů (%)","7181M","2003","2003","Česko","CZ","62.5499786621"
"Tabulková prvosňatečnost mužů (%)","7181M","2002","2002","Česko","CZ","66.1518984859"
"Tabulková prvosňatečnost mužů (%)","7181M","2001","2001","Česko","CZ","66.0301564757"
"Tabulková prvosňatečnost mužů (%)","7181M","2000","2000","Česko","CZ","69.4530629037"
"Tabulková prvosňatečnost mužů (%)","7181M","1999","1999","Česko","CZ","68.7761860353"
"Tabulková prvosňatečnost mužů (%)","7181M","1998","1998","Česko","CZ","70.7860648946"
"Tabulková prvosňatečnost mužů (%)","7181M","1997","1997","Česko","CZ","73.1153320697"
"Tabulková prvosňatečnost mužů (%)","7181M","1996","1996","Česko","CZ","71.3619768031"
"Tabulková prvosňatečnost mužů (%)","7181M","1995","1995","Česko","CZ","73.2044955125"
"Tabulková prvosňatečnost mužů (%)","7181M","1994","1994","Česko","CZ","76.4230299318"
"Tabulková prvosňatečnost mužů (%)","7181M","1993","1993","Česko","CZ","81.4237107174"
"Tabulková prvosňatečnost mužů (%)","7181M","1992","1992","Česko","CZ","85.4102145866"
"Tabulková prvosňatečnost mužů (%)","7181M","1991","1991","Česko","CZ","84.4020001813"
"Tabulková prvosňatečnost mužů (%)","7181M","1990","1990","Česko","CZ","91.06"
"Tabulková prvosňatečnost mužů (%)","7181M","1989","1989","Česko","CZ","89.17"
"Tabulková prvosňatečnost mužů (%)","7181M","1988","1988","Česko","CZ","89.3000834248"
"Tabulková prvosňatečnost mužů (%)","7181M","1987","1987","Česko","CZ","90.1391765575"
"Tabulková prvosňatečnost mužů (%)","7181M","1986","1986","Česko","CZ","89.4843975123"
"Tabulková prvosňatečnost mužů (%)","7181M","1985","1985","Česko","CZ","89.6872577972"
"Tabulková prvosňatečnost mužů (%)","7181M","1984","1984","Česko","CZ","90.1885382677"
"Tabulková prvosňatečnost mužů (%)","7181M","1983","1983","Česko","CZ","89.8297192394"
"Tabulková prvosňatečnost mužů (%)","7181M","1982","1982","Česko","CZ","88.9879962608"
"Tabulková prvosňatečnost mužů (%)","7181M","1981","1981","Česko","CZ","89.2133764278"
"Tabulková prvosňatečnost mužů (%)","7181M","1980","1980","Česko","CZ","89.6881354755"
"Tabulková prvosňatečnost mužů (%)","7181M","1979","1979","Česko","CZ","91.684756075"
"Tabulková prvosňatečnost mužů (%)","7181M","1978","1978","Česko","CZ","92.9628306029"
"Tabulková prvosňatečnost mužů (%)","7181M","1977","1977","Česko","CZ","93.3635833416"
"Tabulková prvosňatečnost mužů (%)","7181M","1976","1976","Česko","CZ","93.766576907"
"Tabulková prvosňatečnost mužů (%)","7181M","1975","1975","Česko","CZ","94.3222399294"
"Tabulková prvosňatečnost mužů (%)","7181M","1974","1974","Česko","CZ","94.78548856"
"Tabulková prvosňatečnost mužů (%)","7181M","1973","1973","Česko","CZ","94.990334347"
"Tabulková prvosňatečnost mužů (%)","7181M","1972","1972","Česko","CZ","94.7117806754"
"Tabulková prvosňatečnost mužů (%)","7181M","1971","1971","Česko","CZ","94.135871695"
"Tabulková prvosňatečnost mužů (%)","7181M","1970","1970","Česko","CZ","93.78"
"Tabulková prvosňatečnost mužů (%)","7181M","1969","1969","Česko","CZ","93.6496925465"
"Tabulková prvosňatečnost mužů (%)","7181M","1968","1968","Česko","CZ","94.4640365462"
"Tabulková prvosňatečnost mužů (%)","7181M","1967","1967","Česko","CZ","94.9464160821"
"Tabulková prvosňatečnost mužů (%)","7181M","1966","1966","Česko","CZ","95.0512493292"
"Tabulková prvosňatečnost mužů (%)","7181M","1965","1965","Česko","CZ","95.2158410061"
"Tabulková prvosňatečnost mužů (%)","7181M","1964","1964","Česko","CZ","95.6822433134"
"Tabulková prvosňatečnost mužů (%)","7181M","1963","1963","Česko","CZ","96.038706734"
"Tabulková prvosňatečnost mužů (%)","7181M","1962","1962","Česko","CZ","95.9671670009"
"Tabulková prvosňatečnost mužů (%)","7181M","1961","1961","Česko","CZ","95.8022011886"
"Tabulková prvosňatečnost žen (%)","7181Z","2023","2023","Česko","CZ","65.18807962"
"Tabulková prvosňatečnost žen (%)","7181Z","2022","2022","Česko","CZ","70.2199671678"
"Tabulková prvosňatečnost žen (%)","7181Z","2021","2021","Česko","CZ","63.7135543838"
"Tabulková prvosňatečnost žen (%)","7181Z","2020","2020","Česko","CZ","60.8137275487"
"Tabulková prvosňatečnost žen (%)","7181Z","2019","2019","Česko","CZ","67.5477609552"
"Tabulková prvosňatečnost žen (%)","7181Z","2018","2018","Česko","CZ","66.8714349487"
"Tabulková prvosňatečnost žen (%)","7181Z","2017","2017","Česko","CZ","65.4451049142"
"Tabulková prvosňatečnost žen (%)","7181Z","2016","2016","Česko","CZ","64.2975599944"
"Tabulková prvosňatečnost žen (%)","7181Z","2015","2015","Česko","CZ","62.3570035995"
"Tabulková prvosňatečnost žen (%)","7181Z","2014","2014","Česko","CZ","60.7757429096"
"Tabulková prvosňatečnost žen (%)","7181Z","2013","2013","Česko","CZ","59.0110832136"
"Tabulková prvosňatečnost žen (%)","7181Z","2012","2012","Česko","CZ","60.6140504324"
"Tabulková prvosňatečnost žen (%)","7181Z","2011","2011","Česko","CZ","61.0207026255"
"Tabulková prvosňatečnost žen (%)","7181Z","2010","2010","Česko","CZ","61.6119323945"
"Tabulková prvosňatečnost žen (%)","7181Z","2009","2009","Česko","CZ","62.7364831751"
"Tabulková prvosňatečnost žen (%)","7181Z","2008","2008","Česko","CZ","66.086165028"
"Tabulková prvosňatečnost žen (%)","7181Z","2007","2007","Česko","CZ","71.1124590249"
"Tabulková prvosňatečnost žen (%)","7181Z","2006","2006","Česko","CZ","69.7135575073"
"Tabulková prvosňatečnost žen (%)","7181Z","2005","2005","Česko","CZ","69.1476024966"
"Tabulková prvosňatečnost žen (%)","7181Z","2004","2004","Česko","CZ","69.809050162"
"Tabulková prvosňatečnost žen (%)","7181Z","2003","2003","Česko","CZ","68.6697196874"
"Tabulková prvosňatečnost žen (%)","7181Z","2002","2002","Česko","CZ","72.4167204338"
"Tabulková prvosňatečnost žen (%)","7181Z","2001","2001","Česko","CZ","72.5163064357"
"Tabulková prvosňatečnost žen (%)","7181Z","2000","2000","Česko","CZ","74.4192449226"
"Tabulková prvosňatečnost žen (%)","7181Z","1999","1999","Česko","CZ","74.1436137038"
"Tabulková prvosňatečnost žen (%)","7181Z","1998","1998","Česko","CZ","75.7448370388"
"Tabulková prvosňatečnost žen (%)","7181Z","1997","1997","Česko","CZ","78.6569390614"
"Tabulková prvosňatečnost žen (%)","7181Z","1996","1996","Česko","CZ","77.1015089392"
"Tabulková prvosňatečnost žen (%)","7181Z","1995","1995","Česko","CZ","79.9401324222"
"Tabulková prvosňatečnost žen (%)","7181Z","1994","1994","Česko","CZ","82.559832701"
"Tabulková prvosňatečnost žen (%)","7181Z","1993","1993","Česko","CZ","87.694968479"
"Tabulková prvosňatečnost žen (%)","7181Z","1992","1992","Česko","CZ","91.5303967208"
"Tabulková prvosňatečnost žen (%)","7181Z","1991","1991","Česko","CZ","91.2291122046"
"Tabulková prvosňatečnost žen (%)","7181Z","1990","1990","Česko","CZ","96.18"
"Tabulková prvosňatečnost žen (%)","7181Z","1989","1989","Česko","CZ","95.3"
"Tabulková prvosňatečnost žen (%)","7181Z","1988","1988","Česko","CZ","95.57108287"
"Tabulková prvosňatečnost žen (%)","7181Z","1987","1987","Česko","CZ","96.0400415995"
"Tabulková prvosňatečnost žen (%)","7181Z","1986","1986","Česko","CZ","95.8473923769"
"Tabulková prvosňatečnost žen (%)","7181Z","1985","1985","Česko","CZ","95.9378865089"
"Tabulková prvosňatečnost žen (%)","7181Z","1984","1984","Česko","CZ","95.9924581847"
"Tabulková prvosňatečnost žen (%)","7181Z","1983","1983","Česko","CZ","96.078227343"
"Tabulková prvosňatečnost žen (%)","7181Z","1982","1982","Česko","CZ","95.7202992473"
"Tabulková prvosňatečnost žen (%)","7181Z","1981","1981","Česko","CZ","96.2758394176"
"Tabulková prvosňatečnost žen (%)","7181Z","1980","1980","Česko","CZ","96.8853249825"
"Tabulková prvosňatečnost žen (%)","7181Z","1979","1979","Česko","CZ","97.7164654146"
"Tabulková prvosňatečnost žen (%)","7181Z","1978","1978","Česko","CZ","98.0287285571"
"Tabulková prvosňatečnost žen (%)","7181Z","1977","1977","Česko","CZ","97.8430766288"
"Tabulková prvosňatečnost žen (%)","7181Z","1976","1976","Česko","CZ","97.7493731846"
"Tabulková prvosňatečnost žen (%)","7181Z","1975","1975","Česko","CZ","97.6837344506"
"Tabulková prvosňatečnost žen (%)","7181Z","1974","1974","Česko","CZ","97.5945452972"
"Tabulková prvosňatečnost žen (%)","7181Z","1973","1973","Česko","CZ","97.5313768716"
"Tabulková prvosňatečnost žen (%)","7181Z","1972","1972","Česko","CZ","97.076660117"
"Tabulková prvosňatečnost žen (%)","7181Z","1971","1971","Česko","CZ","96.4971515951"
"Tabulková prvosňatečnost žen (%)","7181Z","1970","1970","Česko","CZ","95.85"
"Tabulková prvosňatečnost žen (%)","7181Z","1969","1969","Česko","CZ","95.3195145178"
"Tabulková prvosňatečnost žen (%)","7181Z","1968","1968","Česko","CZ","95.5968865519"
"Tabulková prvosňatečnost žen (%)","7181Z","1967","1967","Česko","CZ","95.8969964451"
"Tabulková prvosňatečnost žen (%)","7181Z","1966","1966","Česko","CZ","95.9144364423"
"Tabulková prvosňatečnost žen (%)","7181Z","1965","1965","Česko","CZ","96.4237363894"
"Tabulková prvosňatečnost žen (%)","7181Z","1964","1964","Česko","CZ","97.1114004228"
"Tabulková prvosňatečnost žen (%)","7181Z","1963","1963","Česko","CZ","97.3777538313"
"Tabulková prvosňatečnost žen (%)","7181Z","1962","1962","Česko","CZ","97.5122260717"
"Tabulková prvosňatečnost žen (%)","7181Z","1961","1961","Česko","CZ","97.6402843548"
"Průměrný věk mužů při prvním sňatku","7182M","2023","2023","Česko","CZ","32.74563996"
"Průměrný věk mužů při prvním sňatku","7182M","2022","2022","Česko","CZ","32.5289094327"
"Průměrný věk mužů při prvním sňatku","7182M","2021","2021","Česko","CZ","32.5634665558"
"Průměrný věk mužů při prvním sňatku","7182M","2020","2020","Česko","CZ","32.6234399325"
"Průměrný věk mužů při prvním sňatku","7182M","2019","2019","Česko","CZ","32.1494345051"
"Průměrný věk mužů při prvním sňatku","7182M","2018","2018","Česko","CZ","32.1700145607"
"Průměrný věk mužů při prvním sňatku","7182M","2017","2017","Česko","CZ","32.211953703"
"Průměrný věk mužů při prvním sňatku","7182M","2016","2016","Česko","CZ","32.1952134775"
"Průměrný věk mužů při prvním sňatku","7182M","2015","2015","Česko","CZ","32.3554647842"
"Průměrný věk mužů při prvním sňatku","7182M","2014","2014","Česko","CZ","32.3063046663"
"Průměrný věk mužů při prvním sňatku","7182M","2013","2013","Česko","CZ","32.3069121943"
"Průměrný věk mužů při prvním sňatku","7182M","2012","2012","Česko","CZ","32.2510191723"
"Průměrný věk mužů při prvním sňatku","7182M","2011","2011","Česko","CZ","32.1819674716"
"Průměrný věk mužů při prvním sňatku","7182M","2010","2010","Česko","CZ","32.178083315"
"Průměrný věk mužů při prvním sňatku","7182M","2009","2009","Česko","CZ","31.9583760748"
"Průměrný věk mužů při prvním sňatku","7182M","2008","2008","Česko","CZ","31.4487671476"
"Průměrný věk mužů při prvním sňatku","7182M","2007","2007","Česko","CZ","31.1673197784"
"Průměrný věk mužů při prvním sňatku","7182M","2006","2006","Česko","CZ","31.0063044999"
"Průměrný věk mužů při prvním sňatku","7182M","2005","2005","Česko","CZ","30.754581237"
"Průměrný věk mužů při prvním sňatku","7182M","2004","2004","Česko","CZ","30.5057686487"
"Průměrný věk mužů při prvním sňatku","7182M","2003","2003","Česko","CZ","30.2599622637"
"Průměrný věk mužů při prvním sňatku","7182M","2002","2002","Česko","CZ","29.7199771116"
"Průměrný věk mužů při prvním sňatku","7182M","2001","2001","Česko","CZ","29.2877518713"
"Průměrný věk mužů při prvním sňatku","7182M","2000","2000","Česko","CZ","28.8560188745"
"Průměrný věk mužů při prvním sňatku","7182M","1999","1999","Česko","CZ","28.524063354"
"Průměrný věk mužů při prvním sňatku","7182M","1998","1998","Česko","CZ","28.113489859"
"Průměrný věk mužů při prvním sňatku","7182M","1997","1997","Česko","CZ","27.6481632572"
"Průměrný věk mužů při prvním sňatku","7182M","1996","1996","Česko","CZ","27.1184370236"
"Průměrný věk mužů při prvním sňatku","7182M","1995","1995","Česko","CZ","26.6843147313"
"Průměrný věk mužů při prvním sňatku","7182M","1994","1994","Česko","CZ","26.1492036537"
"Průměrný věk mužů při prvním sňatku","7182M","1993","1993","Česko","CZ","25.380609185"
"Průměrný věk mužů při prvním sňatku","7182M","1992","1992","Česko","CZ","24.823641682"
"Průměrný věk mužů při prvním sňatku","7182M","1991","1991","Česko","CZ","24.6893996381"
"Průměrný věk mužů při prvním sňatku","7182M","1990","1990","Česko","CZ","23.96"
"Průměrný věk mužů při prvním sňatku","7182M","1989","1989","Česko","CZ","24.58"
"Průměrný věk mužů při prvním sňatku","7182M","1988","1988","Česko","CZ","24.5380683361"
"Průměrný věk mužů při prvním sňatku","7182M","1987","1987","Česko","CZ","24.5423033795"
"Průměrný věk mužů při prvním sňatku","7182M","1986","1986","Česko","CZ","24.5832926989"
"Průměrný věk mužů při prvním sňatku","7182M","1985","1985","Česko","CZ","24.5392570528"
"Průměrný věk mužů při prvním sňatku","7182M","1984","1984","Česko","CZ","24.4878782545"
"Průměrný věk mužů při prvním sňatku","7182M","1983","1983","Česko","CZ","24.5155277953"
"Průměrný věk mužů při prvním sňatku","7182M","1982","1982","Česko","CZ","24.7107653528"
"Průměrný věk mužů při prvním sňatku","7182M","1981","1981","Česko","CZ","24.8085707676"
"Průměrný věk mužů při prvním sňatku","7182M","1980","1980","Česko","CZ","24.9377904723"
"Průměrný věk mužů při prvním sňatku","7182M","1979","1979","Česko","CZ","24.7745111783"
"Průměrný věk mužů při prvním sňatku","7182M","1978","1978","Česko","CZ","24.6175998529"
"Průměrný věk mužů při prvním sňatku","7182M","1977","1977","Česko","CZ","24.5367666174"
"Průměrný věk mužů při prvním sňatku","7182M","1976","1976","Česko","CZ","24.4414269463"
"Průměrný věk mužů při prvním sňatku","7182M","1975","1975","Česko","CZ","24.3639100325"
"Průměrný věk mužů při prvním sňatku","7182M","1974","1974","Česko","CZ","24.3750897818"
"Průměrný věk mužů při prvním sňatku","7182M","1973","1973","Česko","CZ","24.3322694225"
"Průměrný věk mužů při prvním sňatku","7182M","1972","1972","Česko","CZ","24.4142137099"
"Průměrný věk mužů při prvním sňatku","7182M","1971","1971","Česko","CZ","24.4441814889"
"Průměrný věk mužů při prvním sňatku","7182M","1970","1970","Česko","CZ","24.41"
"Průměrný věk mužů při prvním sňatku","7182M","1969","1969","Česko","CZ","24.3694243362"
"Průměrný věk mužů při prvním sňatku","7182M","1968","1968","Česko","CZ","24.3255074232"
"Průměrný věk mužů při prvním sňatku","7182M","1967","1967","Česko","CZ","24.3028161888"
"Průměrný věk mužů při prvním sňatku","7182M","1966","1966","Česko","CZ","24.2983735653"
"Průměrný věk mužů při prvním sňatku","7182M","1965","1965","Česko","CZ","24.3310162196"
"Průměrný věk mužů při prvním sňatku","7182M","1964","1964","Česko","CZ","24.2652812046"
"Průměrný věk mužů při prvním sňatku","7182M","1963","1963","Česko","CZ","24.1796083816"
"Průměrný věk mužů při prvním sňatku","7182M","1962","1962","Česko","CZ","24.3248492306"
"Průměrný věk mužů při prvním sňatku","7182M","1961","1961","Česko","CZ","24.5473520364"
"Průměrný věk žen při prvním sňatku","7182Z","2023","2023","Česko","CZ","30.64783801"
"Průměrný věk žen při prvním sňatku","7182Z","2022","2022","Česko","CZ","30.2977912017"
"Průměrný věk žen při prvním sňatku","7182Z","2021","2021","Česko","CZ","30.2836832658"
"Průměrný věk žen při prvním sňatku","7182Z","2020","2020","Česko","CZ","30.4084341307"
"Průměrný věk žen při prvním sňatku","7182Z","2019","2019","Česko","CZ","29.8116373277"
"Průměrný věk žen při prvním sňatku","7182Z","2018","2018","Česko","CZ","29.7730903658"
"Průměrný věk žen při prvním sňatku","7182Z","2017","2017","Česko","CZ","29.7945726633"
"Průměrný věk žen při prvním sňatku","7182Z","2016","2016","Česko","CZ","29.8728209081"
"Průměrný věk žen při prvním sňatku","7182Z","2015","2015","Česko","CZ","29.8307694522"
"Průměrný věk žen při prvním sňatku","7182Z","2014","2014","Česko","CZ","29.8444657985"
"Průměrný věk žen při prvním sňatku","7182Z","2013","2013","Česko","CZ","29.8196409821"
"Průměrný věk žen při prvním sňatku","7182Z","2012","2012","Česko","CZ","29.5802041136"
"Průměrný věk žen při prvním sňatku","7182Z","2011","2011","Česko","CZ","29.5753383805"
"Průměrný věk žen při prvním sňatku","7182Z","2010","2010","Česko","CZ","29.4103919254"
"Průměrný věk žen při prvním sňatku","7182Z","2009","2009","Česko","CZ","29.2058081446"
"Průměrný věk žen při prvním sňatku","7182Z","2008","2008","Česko","CZ","28.771296222"
"Průměrný věk žen při prvním sňatku","7182Z","2007","2007","Česko","CZ","28.5615001513"
"Průměrný věk žen při prvním sňatku","7182Z","2006","2006","Česko","CZ","28.4424989896"
"Průměrný věk žen při prvním sňatku","7182Z","2005","2005","Česko","CZ","28.129393185"
"Průměrný věk žen při prvním sňatku","7182Z","2004","2004","Česko","CZ","27.9886336296"
"Průměrný věk žen při prvním sňatku","7182Z","2003","2003","Česko","CZ","27.7465232208"
"Průměrný věk žen při prvním sňatku","7182Z","2002","2002","Česko","CZ","27.2720194708"
"Průměrný věk žen při prvním sňatku","7182Z","2001","2001","Česko","CZ","26.8918369527"
"Průměrný věk žen při prvním sňatku","7182Z","2000","2000","Česko","CZ","26.4653463207"
"Průměrný věk žen při prvním sňatku","7182Z","1999","1999","Česko","CZ","26.2342709406"
"Průměrný věk žen při prvním sňatku","7182Z","1998","1998","Česko","CZ","25.7680574147"
"Průměrný věk žen při prvním sňatku","7182Z","1997","1997","Česko","CZ","25.4320162442"
"Průměrný věk žen při prvním sňatku","7182Z","1996","1996","Česko","CZ","24.8836949242"
"Průměrný věk žen při prvním sňatku","7182Z","1995","1995","Česko","CZ","24.5856840371"
"Průměrný věk žen při prvním sňatku","7182Z","1994","1994","Česko","CZ","23.9298149143"
"Průměrný věk žen při prvním sňatku","7182Z","1993","1993","Česko","CZ","23.2283077446"
"Průměrný věk žen při prvním sňatku","7182Z","1992","1992","Česko","CZ","22.56408381"
"Průměrný věk žen při prvním sňatku","7182Z","1991","1991","Česko","CZ","22.313416363"
"Průměrný věk žen při prvním sňatku","7182Z","1990","1990","Česko","CZ","21.43"
"Průměrný věk žen při prvním sňatku","7182Z","1989","1989","Česko","CZ","21.83"
"Průměrný věk žen při prvním sňatku","7182Z","1988","1988","Česko","CZ","21.7440262118"
"Průměrný věk žen při prvním sňatku","7182Z","1987","1987","Česko","CZ","21.6930096717"
"Průměrný věk žen při prvním sňatku","7182Z","1986","1986","Česko","CZ","21.7380399614"
"Průměrný věk žen při prvním sňatku","7182Z","1985","1985","Česko","CZ","21.7555180082"
"Průměrný věk žen při prvním sňatku","7182Z","1984","1984","Česko","CZ","21.6547968654"
"Průměrný věk žen při prvním sňatku","7182Z","1983","1983","Česko","CZ","21.6771823022"
"Průměrný věk žen při prvním sňatku","7182Z","1982","1982","Česko","CZ","21.7226401287"
"Průměrný věk žen při prvním sňatku","7182Z","1981","1981","Česko","CZ","21.6598575448"
"Průměrný věk žen při prvním sňatku","7182Z","1980","1980","Česko","CZ","21.654353305"
"Průměrný věk žen při prvním sňatku","7182Z","1979","1979","Česko","CZ","21.461349786"
"Průměrný věk žen při prvním sňatku","7182Z","1978","1978","Česko","CZ","21.3838625969"
"Průměrný věk žen při prvním sňatku","7182Z","1977","1977","Česko","CZ","21.3968469099"
"Průměrný věk žen při prvním sňatku","7182Z","1976","1976","Česko","CZ","21.4199605008"
"Průměrný věk žen při prvním sňatku","7182Z","1975","1975","Česko","CZ","21.417326212"
"Průměrný věk žen při prvním sňatku","7182Z","1974","1974","Česko","CZ","21.4471402848"
"Průměrný věk žen při prvním sňatku","7182Z","1973","1973","Česko","CZ","21.4519494753"
"Průměrný věk žen při prvním sňatku","7182Z","1972","1972","Česko","CZ","21.5639165777"
"Průměrný věk žen při prvním sňatku","7182Z","1971","1971","Česko","CZ","21.6466583817"
"Průměrný věk žen při prvním sňatku","7182Z","1970","1970","Česko","CZ","21.7"
"Průměrný věk žen při prvním sňatku","7182Z","1969","1969","Česko","CZ","21.7182243325"
"Průměrný věk žen při prvním sňatku","7182Z","1968","1968","Česko","CZ","21.7365094816"
"Průměrný věk žen při prvním sňatku","7182Z","1967","1967","Česko","CZ","21.7922831519"
"Průměrný věk žen při prvním sňatku","7182Z","1966","1966","Česko","CZ","21.7352340936"
"Průměrný věk žen při prvním sňatku","7182Z","1965","1965","Česko","CZ","21.7000063927"
"Průměrný věk žen při prvním sňatku","7182Z","1964","1964","Česko","CZ","21.5349901621"
"Průměrný věk žen při prvním sňatku","7182Z","1963","1963","Česko","CZ","21.3421709693"
"Průměrný věk žen při prvním sňatku","7182Z","1962","1962","Česko","CZ","21.3594908426"
"Průměrný věk žen při prvním sňatku","7182Z","1961","1961","Česko","CZ","21.4351166284"
